WORD,FREQUENCY,POSITIONS
said,320,"[47, 88, 122, 184, 209, 266, 322, 421, 447, 515, 568, 600, 650, 705, 736, 739, 936, 940, 996, 1074, 1103, 1163, 1166, 1275, 1278, 1346, 1496, 1499, 1560, 1650, 1679, 1714, 1754, 1806, 1809, 1864, 1909, 1961, 2033, 2055, 2078, 2083, 2119, 2139, 2236, 2287, 2329, 2364, 2441, 2446, 2538, 2620, 2626, 2679, 2776, 2890, 2896, 2944, 3003, 3023, 3089, 3092, 3194, 3228, 3266, 3332, 3352, 3362, 3384, 3466, 3543, 3648, 3729, 3784, 3795, 3839, 3870, 3908, 3932, 4001, 4023, 4091, 4096, 4150, 4239, 4269, 4305, 4312, 4366, 4379, 4405, 4562, 4583, 4718, 4763, 4784, 4838, 4880, 5087, 5221, 5263, 5342, 5422, 5427, 5467, 5582, 5585, 5638, 5641, 5700, 5725, 5785, 5854, 5952, 6007, 6028, 6114, 6192, 6327, 6351, 6535, 6553, 6635, 6680, 6789, 6972, 6989, 6992, 7017, 7086, 7162, 7194, 7265, 7299, 7335, 7388, 7489, 7492, 7591, 7668, 7700, 7725, 7736, 7898, 7937, 7982, 8016, 8076, 8137, 8149, 8209, 8252, 8288, 8307, 8378, 8414, 8442, 8467, 8515, 8537, 9130, 9612, 9627, 9738, 9836, 9894, 9923, 9972, 9989, 10027, 10064, 10084, 10096, 10301, 10434, 10466, 10523, 10553, 10586, 10617, 10854, 10921, 10958, 11030, 11088, 11202, 11278, 11310, 11381, 11415, 11447, 11474, 11574, 11600, 11738, 11793, 11817, 11835, 11858, 11992, 12207, 12272, 12316, 12374, 12384, 12526, 12581, 12650, 12714, 12741, 12794, 12811, 12877, 12913, 12945, 12986, 13009, 13121, 13209, 13375, 13412, 13459, 13490, 13527, 13556, 13618, 13648, 13687, 13690, 13741, 13744, 13784, 13866, 13869, 13953, 13974, 13978, 14014, 14046, 14116, 14157, 14195, 14368, 14509, 14522, 14560, 14749, 14931, 14960, 14995, 15090, 15209, 15284, 15540, 15689, 16012, 16041, 16078, 16154, 16206, 16252, 16285, 16315, 16319, 16426, 16457, 16503, 16550, 16581, 16608, 16669, 16699, 16738, 16741, 16798, 16801, 16825, 16846, 16867, 17012, 17102, 17169, 17320, 17406, 17426, 17482, 17506, 17564, 17567, 17599, 17713, 17772, 17845, 17959, 18004, 18075, 18109, 18149, 18402, 18480, 18526, 18541, 18596, 18621, 18862, 19184, 19208, 19261, 19297, 19324, 19328, 19414, 19433, 19479, 19777, 19798, 19853, 19867, 19905, 19976]"
mln,159,"[127, 947, 969, 1093, 1100, 2217, 2225, 2384, 2825, 3815, 3918, 4824, 4828, 4910, 4952, 4957, 4962, 4967, 4986, 4991, 5003, 5008, 5015, 5020, 5028, 5033, 5039, 5044, 5050, 5056, 5063, 5069, 5081, 5095, 5127, 5141, 5162, 5176, 5491, 5765, 6015, 6039, 6298, 6306, 6343, 6418, 6424, 6438, 6463, 6468, 6488, 6501, 6508, 6545, 6837, 6844, 6860, 6882, 6887, 6897, 6903, 7682, 7746, 7838, 7849, 8754, 9196, 9252, 9692, 9718, 9881, 9889, 10079, 10215, 10221, 10863, 10876, 11593, 11608, 11633, 11642, 11655, 11669, 11711, 11767, 11806, 12100, 12344, 12360, 12427, 12486, 12591, 13383, 13387, 13440, 13444, 14668, 14685, 14694, 15346, 15351, 15391, 15396, 15430, 15435, 15440, 15445, 15485, 15490, 15518, 15523, 15533, 15550, 15563, 15570, 15590, 15609, 15637, 15649, 15725, 15733, 15743, 15751, 15976, 15981, 16085, 16102, 16131, 16144, 16911, 16962, 16967, 17019, 17049, 17164, 18018, 18033, 18063, 18259, 18264, 18317, 18322, 18363, 18368, 18460, 18465, 18670, 18675, 18886, 19225, 19242, 19427, 19511, 19516, 19581, 19604, 19608, 19813, 19827]"
vs,125,"[4916, 4924, 4932, 4942, 4953, 4963, 4987, 5004, 5016, 5029, 5040, 5052, 5065, 6884, 6899, 6912, 6924, 14288, 14837, 14844, 14854, 14865, 14872, 14882, 15039, 15049, 15327, 15336, 15347, 15359, 15370, 15381, 15392, 15404, 15423, 15431, 15441, 15463, 15474, 15486, 15496, 15507, 15519, 15662, 15675, 15768, 15775, 15784, 15803, 15810, 15834, 15850, 15874, 15881, 15892, 15901, 15929, 15936, 15946, 15957, 15966, 15977, 16361, 16367, 16377, 16388, 16394, 16404, 16896, 16903, 16912, 16925, 16939, 16951, 16963, 16975, 17248, 17255, 17265, 18183, 18192, 18203, 18226, 18233, 18240, 18249, 18260, 18300, 18309, 18318, 18330, 18342, 18353, 18364, 18376, 18443, 18450, 18461, 18651, 18660, 18671, 18729, 19011, 19031, 19372, 19383, 19396, 19502, 19512, 19522, 19532, 19542, 19554, 19567, 19606, 19627, 19636, 19663, 19671, 19680, 19692, 19707, 19717, 19726, 19738]"
dlrs,105,"[128, 177, 346, 373, 491, 504, 1444, 1486, 2218, 2316, 2385, 2572, 2826, 3919, 4612, 5321, 5329, 5367, 5388, 5441, 5464, 5485, 5531, 5767, 5968, 6016, 6040, 6705, 8055, 8755, 8857, 9032, 9092, 9326, 9452, 9466, 10127, 10155, 10216, 13139, 13152, 13289, 13297, 13314, 13322, 13348, 14129, 14136, 14229, 14268, 14481, 14491, 14598, 14669, 14675, 14686, 15374, 15661, 15674, 15726, 15734, 15744, 15752, 15833, 15838, 15849, 15854, 15891, 16086, 16103, 16132, 16145, 16938, 17020, 17050, 17063, 17165, 17222, 18019, 18025, 18034, 18064, 18070, 18341, 18346, 18552, 18559, 18578, 18616, 19010, 19015, 19030, 19035, 19371, 19376, 19428, 19501, 19506, 19582, 19588, 19605, 19706, 19716, 19889, 19902]"
u,100,"[5, 16, 57, 70, 117, 262, 306, 356, 401, 415, 453, 494, 537, 581, 653, 690, 761, 771, 858, 2289, 2312, 2798, 2906, 2978, 3126, 4184, 4196, 4211, 4226, 4245, 4278, 4291, 4315, 4361, 4381, 4419, 4428, 4444, 4484, 4517, 4527, 4556, 4568, 4596, 4618, 4678, 4742, 5071, 5296, 5310, 5925, 6474, 6528, 6765, 6950, 7074, 7081, 7094, 7151, 7196, 7972, 8008, 8051, 8202, 8223, 8238, 8570, 9856, 9900, 10169, 10373, 10407, 10419, 10468, 10494, 10534, 10572, 10581, 11190, 11197, 11210, 11267, 11312, 11467, 11585, 12475, 13588, 13875, 14343, 14728, 14795, 15524, 16234, 16248, 16312, 17076, 17715, 17766, 17781, 19093]"
pct,90,"[351, 672, 907, 925, 952, 976, 1211, 1224, 1232, 1308, 1333, 1383, 1387, 1391, 1395, 1400, 1411, 1415, 1419, 2402, 2407, 2832, 3085, 3153, 3460, 3715, 4073, 4108, 4141, 4877, 5382, 5397, 5435, 5458, 5605, 5612, 6085, 6101, 6111, 6273, 6458, 6483, 6496, 6809, 7813, 7872, 8584, 8666, 8887, 8898, 8917, 8926, 9419, 9531, 9535, 10071, 10624, 10671, 11538, 11549, 11566, 11666, 11680, 11757, 12490, 12568, 12599, 13089, 13804, 14165, 14608, 15581, 15601, 15622, 15995, 16025, 16538, 16543, 16570, 16690, 16760, 17670, 17677, 18162, 18504, 18516, 19553, 19558, 19566, 19571]"
lt,87,"[223, 280, 430, 2355, 2419, 2505, 3745, 3759, 3976, 4778, 4868, 4975, 5719, 6021, 6050, 6057, 6092, 6104, 6285, 6395, 6517, 6719, 6779, 6937, 7607, 7635, 7759, 7802, 7816, 7855, 7876, 10021, 10042, 10246, 10611, 10634, 10728, 10915, 11699, 12112, 12393, 12980, 13055, 13069, 13369, 13999, 14006, 14105, 14273, 14313, 14335, 14356, 14535, 14586, 14825, 15315, 15413, 15450, 15680, 15758, 15793, 15863, 15917, 16029, 16238, 16271, 16350, 16884, 16997, 17233, 17948, 18172, 18213, 18289, 18394, 18427, 18530, 18636, 18719, 19136, 19360, 19404, 19490, 19617, 19647, 19767, 19858]"
year,82,"[348, 479, 658, 827, 943, 1089, 1202, 1268, 1303, 1450, 2474, 3819, 3907, 4157, 4475, 4513, 5369, 5408, 5449, 5511, 5570, 5963, 6140, 6609, 6665, 6686, 6711, 6875, 7426, 7845, 8027, 8892, 8900, 8942, 9256, 9468, 9503, 9600, 9766, 9848, 10223, 10260, 10311, 11569, 12314, 13019, 13050, 13146, 13176, 13197, 13279, 13304, 13644, 13754, 13813, 14168, 14236, 14242, 14245, 14256, 14744, 15164, 15491, 15703, 15705, 16877, 16931, 16984, 17155, 17956, 17994, 18044, 18146, 18336, 18436, 18644, 18749, 18808, 18814, 18865, 18915, 19609]"
billion,72,"[176, 345, 372, 490, 503, 1254, 1266, 1288, 1294, 1355, 1361, 2260, 2571, 3425, 3437, 3478, 3504, 3529, 3585, 3610, 3624, 3633, 3833, 4611, 4940, 4946, 5320, 5328, 5366, 5387, 5440, 5463, 5484, 5530, 5538, 5967, 6910, 6916, 8431, 9031, 9084, 9091, 9410, 9451, 9465, 9545, 9574, 10276, 10330, 11945, 11969, 12562, 12574, 13001, 13025, 13038, 13047, 13398, 13406, 13629, 14480, 14490, 17062, 17221, 19349, 19521, 19526, 19531, 19536, 19541, 19546, 19587]"
would,66,"[93, 186, 576, 1501, 2114, 2160, 3665, 3910, 4182, 4223, 4249, 4371, 5266, 5355, 5648, 5760, 5769, 5858, 5890, 5994, 6661, 7497, 8230, 8313, 8458, 10098, 10844, 11023, 11064, 11971, 11982, 11996, 12038, 12387, 12534, 12950, 13435, 13494, 13504, 13530, 13620, 13948, 16111, 16480, 16486, 16494, 16511, 16556, 16572, 16610, 16641, 16672, 16744, 16767, 16833, 16861, 17117, 17158, 17329, 17383, 17849, 19167, 19265, 19283, 19316, 19330]"
net,66,"[3525, 3809, 3827, 6539, 6839, 6862, 6876, 6918, 10209, 12583, 13016, 13378, 14833, 14840, 14868, 15323, 15330, 15375, 15419, 15426, 15458, 15467, 15500, 15764, 15771, 15799, 15806, 15823, 15877, 15895, 15925, 15932, 15960, 16037, 16358, 16363, 16390, 16892, 16899, 16944, 16985, 17041, 17156, 17243, 17251, 18178, 18187, 18221, 18243, 18303, 18347, 18439, 18446, 18647, 18654, 19247, 19366, 19377, 19496, 19507, 19576, 19623, 19630, 19653, 19674, 19720]"
cts,65,"[14287, 14294, 14836, 14839, 14864, 14867, 15038, 15041, 15048, 15051, 15326, 15329, 15369, 15422, 15425, 15462, 15466, 15495, 15499, 15664, 15677, 15767, 15770, 15802, 15873, 15928, 15931, 15956, 15959, 16120, 16136, 16895, 16898, 16942, 17247, 17250, 18038, 18182, 18186, 18225, 18228, 18232, 18235, 18239, 18242, 18299, 18302, 18442, 18445, 18650, 18653, 18688, 18693, 18706, 18711, 18728, 18731, 19626, 19629, 19662, 19665, 19670, 19673, 19709, 19719]"
company,56,"[3838, 3881, 3927, 3957, 4968, 5715, 5808, 6310, 6350, 6927, 7357, 7770, 7866, 10269, 10279, 10299, 10304, 10697, 10707, 10820, 11154, 11487, 11737, 11894, 11924, 11960, 12539, 13008, 13015, 13411, 13473, 14045, 14156, 14224, 14232, 14661, 15716, 15816, 15909, 16153, 16284, 16331, 16535, 16649, 18009, 18053, 18499, 18588, 18619, 18633, 19246, 19288, 19326, 19343, 19478, 19975]"
trade,54,"[12, 326, 338, 339, 391, 444, 449, 484, 511, 647, 686, 717, 781, 862, 877, 1043, 1238, 1247, 1917, 2036, 2080, 4181, 4631, 4674, 4728, 5190, 5196, 5306, 5424, 5634, 5654, 5804, 7101, 7223, 7236, 7283, 7437, 7564, 8587, 10353, 10385, 10392, 10411, 10576, 11217, 11339, 11352, 11399, 13552, 13774, 13884, 14742, 14791, 17680]"
japan,51,"[9, 21, 63, 144, 312, 458, 476, 519, 549, 695, 757, 787, 870, 1030, 1194, 2518, 2972, 4176, 4188, 4202, 4233, 4272, 4297, 4320, 4395, 4409, 4459, 4537, 4545, 4584, 4682, 4736, 7068, 7087, 7135, 7201, 7394, 8083, 10378, 10541, 10880, 11184, 11203, 11251, 11317, 11419, 11428, 13881, 14698, 14734, 17604]"
shares,50,"[4825, 4845, 6313, 6330, 6922, 7621, 7650, 7686, 7722, 7748, 7780, 7839, 9986, 10003, 10054, 10081, 10113, 10116, 10643, 10939, 10954, 11022, 11063, 11110, 11713, 11752, 11768, 11814, 11819, 11843, 11940, 11980, 12123, 12202, 12232, 12312, 12328, 12339, 12348, 12364, 12386, 12428, 12448, 12480, 12509, 14032, 14595, 14695, 19293, 19805]"
last,47,"[347, 478, 657, 708, 2819, 3906, 4574, 5510, 5569, 5962, 6169, 6205, 6323, 6608, 7458, 7520, 7753, 7787, 7844, 7892, 7964, 8498, 8593, 8891, 9255, 9628, 9831, 11920, 12094, 12132, 12313, 12494, 12864, 12900, 12925, 13018, 13175, 13300, 13753, 13812, 14255, 14743, 17910, 18043, 18807, 18864, 19473]"
tonnes,43,"[948, 970, 1588, 2211, 2250, 2306, 2491, 5870, 7314, 7368, 7377, 7411, 7468, 7507, 7530, 7581, 9693, 9719, 9825, 9882, 10864, 12859, 12873, 12938, 13232, 13241, 13250, 13265, 17278, 17297, 17730, 17789, 17821, 17855, 17868, 17905, 17916, 18887, 18912, 18949, 19053, 19089, 19126]"
bank,43,"[1600, 2494, 2502, 2523, 2534, 2564, 2597, 2694, 2721, 2811, 2837, 3039, 3107, 3464, 3885, 5084, 6533, 6583, 6715, 7729, 8132, 8245, 8470, 8542, 9096, 11417, 11426, 11451, 11597, 11620, 11646, 11651, 11718, 15537, 15573, 15593, 15614, 15631, 15756, 15790, 17180, 17201, 17454]"
also,42,"[294, 460, 759, 830, 939, 1169, 1903, 2161, 2948, 3203, 3937, 4328, 4372, 4534, 4623, 5337, 6143, 7773, 8188, 8473, 8580, 8600, 8622, 8700, 9044, 9907, 9929, 10526, 10684, 11479, 11864, 11997, 13670, 14440, 14632, 16766, 16832, 17414, 18595, 18620, 19207, 19829]"
oil,41,"[1179, 1221, 1325, 1341, 1431, 1510, 1537, 1547, 1877, 1894, 1901, 5714, 6614, 6700, 8805, 8822, 8849, 8962, 9206, 9221, 9258, 9309, 9312, 9332, 9342, 9358, 9480, 9608, 9679, 9695, 9701, 9749, 9757, 9769, 9786, 9794, 9817, 9842, 9918, 13768, 18476]"
shr,39,"[4912, 14834, 14862, 15036, 15046, 15324, 15367, 15420, 15459, 15492, 15657, 15670, 15765, 15800, 15871, 15887, 15926, 15954, 16359, 16385, 16893, 16933, 17244, 18179, 18222, 18229, 18297, 18337, 18440, 18648, 19006, 19026, 19367, 19497, 19624, 19658, 19666, 19700, 19710]"
first,39,"[822, 1242, 1258, 1336, 1347, 2061, 2473, 2613, 3592, 4062, 4076, 4125, 4144, 5444, 5514, 7371, 7417, 9473, 10203, 10258, 10284, 10336, 13282, 14139, 14217, 14252, 15718, 16035, 16049, 16148, 17038, 17235, 18011, 18047, 18077, 18165, 18535, 18545, 19252]"
corp,36,"[2351, 3732, 3741, 3757, 3979, 4003, 7633, 7708, 7879, 7885, 10726, 11694, 12115, 12206, 12221, 12554, 14271, 14508, 14521, 14545, 14648, 15313, 15653, 15666, 15915, 16040, 16348, 16882, 17011, 17958, 18389, 18392, 18401, 19413, 19613, 19866]"
market,35,"[666, 1523, 3510, 3533, 3661, 3679, 3683, 4207, 4302, 4325, 4332, 4417, 4448, 4606, 5076, 5100, 5136, 5242, 6301, 7949, 8219, 8609, 9005, 9912, 10489, 11182, 11590, 11605, 13126, 13130, 13212, 15529, 15544, 17561, 18082]"
quarter,33,"[1243, 1259, 1337, 1348, 4063, 4077, 4126, 4145, 6170, 7372, 7418, 9108, 13283, 13301, 14140, 14200, 14202, 14253, 15710, 15719, 16036, 16050, 16149, 16219, 17040, 17129, 17972, 18012, 18048, 18078, 18166, 18536, 18546]"
new,32,"[195, 1615, 1849, 2344, 2369, 3010, 3018, 3334, 4614, 4844, 6241, 6376, 6403, 7726, 8853, 9009, 9142, 9899, 9924, 9945, 10174, 10439, 11018, 11520, 11727, 14896, 15243, 16165, 16189, 17009, 17195, 19291]"
two,31,"[720, 753, 1854, 2932, 2998, 3188, 3409, 3687, 3697, 3902, 3934, 4031, 4767, 4790, 6125, 6562, 6795, 7896, 7965, 9975, 9992, 10945, 11726, 12063, 13803, 15059, 15135, 15586, 16810, 19753, 19782]"
share,30,"[561, 1524, 2807, 3086, 4413, 4449, 4773, 4896, 7716, 8036, 8608, 9017, 10906, 10975, 11093, 11861, 11951, 11994, 14027, 14677, 16110, 16122, 16138, 18027, 18040, 18072, 18690, 18708, 19166, 19295]"
inc,29,"[5798, 7605, 7733, 14013, 14037, 14115, 14363, 14584, 14823, 15033, 15043, 15411, 15448, 15688, 15861, 16268, 17239, 18170, 18211, 18540, 18642, 19003, 19023, 19358, 19488, 19645, 19931, 19965, 19985]"
profit,28,"[4948, 4982, 4993, 6278, 6345, 6441, 6472, 6663, 6682, 6863, 6885, 10333, 12584, 12993, 13017, 13352, 13379, 15460, 15468, 15493, 15501, 16934, 16945, 17245, 18180, 18188, 19248, 19340]"
sales,28,"[534, 4254, 4494, 4532, 6812, 6904, 10539, 10825, 12556, 12576, 14471, 14680, 15436, 15728, 15746, 16044, 16081, 16141, 16173, 16907, 16958, 17724, 17886, 18150, 18313, 18359, 18456, 18666]"
qtr,28,"[14111, 14830, 15035, 15045, 15320, 15418, 15455, 15655, 15668, 15763, 15798, 15868, 15922, 16355, 16889, 17242, 18177, 18218, 18294, 19005, 19025, 19365, 19495, 19575, 19622, 19652, 19654, 19746]"
ltd,28,"[221, 2353, 2503, 2779, 3077, 3743, 3981, 4776, 5809, 6046, 6062, 7343, 7710, 7757, 7797, 7806, 7820, 7860, 7880, 8133, 8247, 10019, 10244, 10609, 10913, 18434, 18479, 18488]"
around,28,"[1484, 2548, 3285, 5093, 5139, 5160, 5364, 6304, 6703, 7183, 7503, 8851, 9714, 9773, 9877, 9913, 11299, 11440, 11496, 11631, 12952, 13135, 13310, 15647, 17851, 18800, 18945, 19347]"
exchange,27,"[368, 1833, 1839, 1860, 1935, 1984, 2031, 2039, 2113, 2122, 2155, 2179, 2234, 2267, 2855, 2969, 6730, 10093, 11003, 11878, 13329, 13342, 13824, 13924, 16520, 17341, 17367]"
one,27,"[625, 1848, 2053, 2891, 4590, 4610, 5560, 6579, 8019, 8406, 9106, 9110, 9298, 9611, 10646, 10932, 12415, 12613, 13698, 14298, 15558, 16386, 19323, 19757, 19786, 19820, 19835]"
sugar,26,"[1389, 7430, 7450, 7532, 7560, 7584, 12607, 12627, 12645, 12827, 12862, 12940, 17280, 17299, 17723, 17735, 18740, 18758, 18775, 18877, 18890, 18942, 18961, 18994, 19039, 19058]"
today,26,"[1692, 1698, 3440, 3489, 3511, 3535, 5101, 5181, 7014, 7115, 7441, 7549, 8662, 10128, 10366, 10994, 11231, 12842, 14973, 14979, 15634, 15714, 17321, 17397, 17755, 17827]"
japanese,26,"[134, 166, 214, 775, 804, 1068, 1114, 4502, 4560, 4637, 7109, 7160, 7970, 8354, 8487, 8533, 8705, 8748, 10343, 10391, 10429, 10722, 10748, 10783, 11225, 11276]"
products,25,"[83, 191, 405, 1319, 1402, 4206, 4283, 4644, 4665, 4700, 4747, 4999, 5024, 9310, 10430, 14176, 14505, 14639, 14724, 14752, 14763, 14769, 16065, 18134, 18420]"
stg,24,"[4911, 4941, 5082, 5096, 5128, 5163, 5177, 6299, 6344, 6419, 6439, 11594, 11609, 11634, 11656, 11670, 15534, 15551, 15564, 15571, 15591, 15610, 15638, 15650]"
government,24,"[680, 998, 3067, 4692, 5204, 5229, 5265, 5354, 5378, 5587, 5618, 7645, 7664, 7675, 8283, 8317, 9127, 9181, 9388, 11890, 12247, 12307, 12445, 13650]"
expected,24,"[1078, 1368, 2461, 2888, 3118, 4508, 5419, 9658, 9711, 9908, 9940, 10271, 12154, 12836, 12880, 14186, 14425, 14802, 15211, 16827, 17206, 18752, 18797, 18980]"
statement,23,"[2444, 3346, 3783, 3991, 4020, 4841, 5728, 5853, 5911, 6006, 6117, 6354, 6792, 8323, 8398, 10649, 10957, 11043, 12210, 12265, 12288, 13012, 19199]"
imports,23,"[80, 132, 399, 588, 623, 1282, 1311, 4242, 4435, 4482, 4504, 4542, 4551, 5245, 5452, 7161, 7219, 9382, 11277, 11335, 13257, 14704, 14720]"
dollar,22,"[6756, 8012, 8186, 8242, 8369, 8553, 8574, 8578, 11477, 11493, 11506, 13334, 13483, 13493, 13548, 13936, 13989, 17523, 17530, 17550, 17661, 17673]"
loss,22,"[110, 3810, 3828, 6540, 6840, 6870, 6877, 10281, 14112, 14122, 15464, 15475, 15497, 15508, 15827, 16940, 16952, 18184, 18193, 18537, 18547, 19601]"
exports,22,"[189, 252, 470, 676, 755, 765, 1349, 1504, 1578, 4231, 4353, 4466, 4601, 5400, 5432, 7214, 7303, 7310, 10289, 11330, 13680, 13695]"
foreign,22,"[367, 1604, 1630, 5244, 5508, 5521, 5556, 5594, 6551, 6582, 6617, 6630, 6729, 7617, 7921, 8433, 10233, 12369, 14889, 14911, 17340, 19178]"
five,21,"[2009, 2018, 2027, 3084, 4771, 4794, 5365, 5373, 5386, 5966, 8742, 9691, 9979, 9996, 10321, 10949, 13628, 14055, 16542, 17361, 18241]"
current,21,"[5360, 5391, 5475, 8437, 9412, 9864, 10280, 10332, 10454, 13107, 13185, 16541, 16634, 16676, 17138, 17373, 17732, 17890, 18507, 18519, 19055]"
april,21,"[138, 2074, 2202, 2334, 3604, 4399, 10262, 11773, 11930, 12160, 12261, 14300, 14808, 17229, 18274, 18280, 18801, 18805, 18817, 19843, 19849]"
spokesman,21,"[211, 3465, 3542, 3615, 6988, 7338, 7791, 10300, 10806, 12271, 12525, 12649, 12713, 12740, 14367, 14417, 15087, 15271, 18768, 18821, 19183]"
march,20,"[1204, 1281, 4479, 7306, 7316, 7328, 9832, 11558, 12423, 14601, 15178, 15869, 15986, 16000, 16015, 16091, 16222, 16356, 18219, 19258]"
economic,20,"[41, 799, 5338, 6190, 6603, 6693, 6772, 7785, 7910, 8160, 8284, 8322, 8425, 8797, 8932, 9597, 11582, 13511, 14786, 17612]"
trading,19,"[725, 1844, 1874, 1889, 1988, 2047, 2186, 2200, 2238, 4981, 4992, 5661, 6731, 9027, 10118, 11458, 16413, 16460, 17467]"
prices,19,"[1342, 1435, 1476, 3804, 6615, 8037, 8823, 8850, 8912, 9359, 9609, 9843, 10839, 13092, 13100, 13273, 13332, 13769, 18125]"
told,19,"[50, 1472, 1867, 2591, 3987, 5224, 6574, 7651, 7673, 7751, 9704, 9809, 10458, 10661, 10807, 11956, 12512, 17345, 18781]"
co,18,"[220, 285, 2300, 2417, 2816, 3076, 7342, 7732, 14329, 14339, 16251, 18681, 18699, 18717, 19002, 19022, 19487, 19776]"
south,18,"[440, 465, 480, 1616, 2145, 4498, 5183, 5192, 5282, 5301, 5348, 5428, 5471, 5517, 7399, 9853, 9865, 14897]"
investment,18,"[2810, 2990, 5233, 5980, 6595, 7728, 8068, 8280, 8479, 8784, 8790, 9284, 9455, 11797, 11831, 14144, 14324, 16334]"
demand,18,"[1037, 1058, 1070, 1132, 1145, 1455, 3218, 4296, 5947, 8866, 10506, 13227, 13720, 16062, 16155, 16179, 16212, 18130]"
currency,18,"[5250, 6769, 7479, 7954, 8046, 8127, 8196, 8268, 8491, 8511, 11471, 17237, 17746, 17937, 19069, 19179, 19230, 19255]"
surplus,18,"[340, 361, 485, 5191, 5197, 5254, 5307, 5362, 5394, 5413, 5479, 5501, 5635, 5647, 5673, 5693, 9414, 14792]"
bankers,18,"[5152, 6552, 8831, 8870, 9116, 9224, 9353, 9508, 9516, 9567, 9586, 9654, 14325, 16994, 17007, 17100, 17149, 17167]"
added,18,"[1996, 3224, 5912, 6197, 6380, 7034, 7555, 8795, 11126, 11503, 12266, 14448, 14467, 16106, 17648, 17824, 18112, 18822]"
australia,18,"[740, 750, 1624, 2348, 4345, 4452, 6129, 6443, 7819, 7998, 8131, 8152, 8261, 8422, 8481, 8791, 10166, 14905]"
may,18,"[1834, 1902, 2681, 3497, 4805, 4834, 8153, 8325, 9485, 9675, 10010, 10033, 12549, 12808, 14054, 14297, 15205, 18737]"
debt,17,"[5509, 5522, 5557, 5595, 5629, 5680, 8434, 8809, 8995, 9010, 9062, 9123, 9143, 12015, 17071, 17173, 17225]"
b,17,"[4859, 5814, 7684, 7720, 7778, 9984, 10001, 10904, 10937, 11020, 11061, 11091, 12362, 12507, 18905, 19668, 19712]"
stock,17,"[271, 7794, 7948, 9004, 9798, 10092, 11002, 11764, 12491, 14095, 16461, 16532, 16695, 19758, 19787, 19808, 19839]"
securities,17,"[2733, 2802, 2958, 2967, 3032, 3063, 3075, 3100, 3123, 3449, 3494, 6644, 10660, 11009, 11876, 15844, 16518]"
could,17,"[36, 1518, 1811, 4348, 7148, 7900, 8344, 8517, 9801, 11264, 11863, 13560, 13677, 13714, 13731, 13993, 16872]"
agreement,17,"[3327, 3381, 3673, 4627, 6984, 12001, 12226, 13921, 14738, 15130, 15247, 16257, 17356, 17412, 17430, 17509, 17555]"
analysts,17,"[2537, 2664, 2718, 3227, 6407, 6632, 7936, 7978, 8208, 8377, 8441, 8536, 8732, 16057, 16095, 16113, 19296]"
three,17,"[2616, 2934, 3190, 5445, 8583, 8594, 9967, 10388, 11659, 14218, 15569, 15613, 16537, 16569, 18185, 19348, 19474]"
largest,16,"[380, 754, 1533, 2095, 4275, 4455, 4524, 4593, 4739, 5546, 7626, 10160, 10181, 13077, 15278, 18774]"
australian,16,"[679, 1603, 7701, 7793, 7809, 7913, 7916, 8185, 8368, 8552, 8577, 8607, 10091, 10228, 12644, 14888]"
minister,16,"[702, 847, 874, 1467, 1918, 2081, 3314, 4308, 4704, 5216, 5340, 9259, 9622, 10360, 11572, 17317]"
official,16,"[327, 438, 2054, 4238, 4261, 4717, 4762, 5113, 7085, 8061, 9559, 10344, 10815, 11028, 11201, 14748]"
economy,16,"[805, 844, 5350, 5579, 6203, 7143, 7209, 8304, 8801, 8812, 8873, 9647, 11259, 11325, 13599, 17695]"
output,16,"[959, 1461, 4059, 4068, 4136, 9303, 9689, 9707, 9759, 9861, 9919, 10754, 10860, 13188, 18836, 18943]"
palm,16,"[1430, 1509, 1536, 1546, 1876, 1893, 1900, 9680, 9696, 9702, 9758, 9768, 9793, 9816, 9841, 9917]"
reported,16,"[3807, 6066, 6120, 6338, 6834, 10202, 12555, 12654, 13003, 13027, 13808, 14662, 15717, 16125, 18010, 18054]"
ec,16,"[6943, 6959, 6987, 6997, 7037, 7063, 7429, 7447, 12826, 12833, 17273, 17292, 17722, 17761, 19036, 19042]"
tender,16,"[3428, 3443, 7431, 7451, 7562, 7571, 12828, 12846, 12918, 14028, 14048, 16618, 16656, 16813, 17763, 19040]"
dividend,16,"[4890, 6872, 6919, 10241, 10255, 10308, 12492, 13414, 14279, 18685, 18703, 18724, 19129, 19154, 19272, 19279]"
week,16,"[890, 1657, 1727, 1950, 7459, 7521, 8499, 10588, 11921, 12133, 12865, 12901, 12926, 14938, 15008, 17911]"
board,16,"[2040, 2850, 11897, 11927, 11933, 12034, 12136, 14069, 16686, 17720, 17771, 19189, 19264, 19276, 19301, 19306]"
business,16,"[207, 1272, 1300, 2734, 2803, 2861, 2959, 3019, 3064, 3101, 3221, 4615, 4686, 8971, 16630, 16636]"
major,15,"[181, 724, 5563, 5573, 5660, 5979, 7389, 9362, 11483, 12324, 13910, 17326, 17433, 17466, 17964]"
due,15,"[884, 1338, 1369, 4251, 4392, 4491, 9849, 10225, 10286, 13157, 14141, 15198, 16059, 19131, 19145]"
markets,15,"[160, 388, 1575, 6647, 7147, 7914, 7917, 7934, 7988, 8618, 9290, 11263, 13713, 17966, 19644]"
talks,15,"[687, 3768, 4217, 4397, 7889, 10028, 10349, 10402, 10558, 10570, 10591, 14513, 14526, 14541, 14573]"
sumitomo,15,"[2493, 2501, 2543, 2587, 2634, 2645, 2680, 2786, 2818, 2887, 3057, 3093, 3201, 3229, 3258]"
west,15,"[6162, 13509, 13580, 13663, 13675, 13691, 13785, 13816, 17314, 17568, 17652, 17798, 18413, 19102, 19988]"
international,15,"[876, 1042, 1522, 3325, 3980, 6964, 6982, 7053, 10352, 15447, 16236, 16250, 16314, 17449, 18539]"
capital,15,"[4821, 4900, 5838, 6237, 7925, 8069, 8275, 8783, 10628, 10979, 11763, 16724, 18092, 19807, 19949]"
money,15,"[3706, 5075, 5099, 6590, 8181, 8259, 8386, 8463, 11589, 11604, 13613, 13750, 13855, 15528, 16735]"
reuters,15,"[1868, 2592, 3342, 3988, 6575, 7652, 7752, 7981, 9705, 9810, 10662, 10712, 10808, 12513, 18782]"
china,15,"[899, 927, 934, 955, 4057, 4064, 4151, 4496, 7392, 10720, 10739, 10771, 10810, 10850, 10855]"
say,14,"[1813, 2176, 7030, 8834, 9227, 9315, 9354, 9509, 9587, 9655, 12748, 14420, 17380, 18832]"
marks,14,"[3426, 3438, 3479, 3505, 3530, 3586, 3611, 3625, 13630, 17546, 19163, 19226, 19282, 19350]"
interest,14,"[697, 2128, 3684, 5034, 7943, 8123, 8338, 8477, 13606, 14413, 17057, 17089, 17139, 17188]"
shareholders,14,"[4803, 4808, 9171, 10097, 11066, 11101, 11118, 16446, 16491, 16819, 18277, 18508, 18520, 18570]"
smc,14,"[11696, 11759, 11788, 11845, 11856, 11905, 12000, 12022, 12070, 12092, 12105, 12372, 12403, 12524]"
states,14,"[2170, 5667, 5896, 6998, 7038, 7930, 8087, 8714, 12334, 13559, 13896, 17463, 17625, 19447]"
officials,14,"[46, 292, 1073, 1162, 2032, 2175, 2286, 4215, 4561, 5426, 10585, 10708, 10835, 13908]"
earnings,14,"[1372, 1380, 10234, 11964, 15720, 15738, 16046, 16108, 16126, 17954, 17978, 17992, 18013, 18055]"
growth,14,"[1364, 1406, 4098, 5188, 5384, 5398, 9598, 12706, 13512, 13615, 13738, 13752, 13950, 17596]"
export,13,"[665, 1363, 1405, 1574, 8963, 10845, 12839, 13712, 17737, 17872, 17920, 19047, 19062]"
gold,13,"[2345, 2372, 2470, 3892, 3929, 3960, 6012, 6060, 6123, 6138, 6147, 8645, 8678]"
banks,13,"[3131, 3143, 3199, 3468, 3578, 3635, 3970, 4000, 6618, 9136, 9169, 17085, 17209]"
group,13,"[434, 4687, 10017, 10601, 10608, 12399, 12992, 13032, 14424, 16526, 17359, 17392, 18628]"
chairman,13,"[425, 1861, 10061, 10676, 10999, 11045, 11785, 12071, 14815, 15053, 15074, 16418, 17999]"
country,13,"[768, 1322, 5504, 5598, 7346, 9190, 9216, 9813, 13757, 18285, 18386, 18626, 18896]"
issue,13,"[4721, 4774, 4796, 4815, 9981, 9998, 10909, 10934, 10951, 10987, 11094, 11108, 12152]"
yen,13,"[1124, 2553, 8509, 8525, 8561, 10277, 10293, 10322, 10331, 11444, 11500, 11512, 17520]"
european,13,"[1454, 3141, 6956, 7444, 7478, 7524, 12830, 13889, 17709, 17745, 17758, 17936, 19068]"
pay,13,"[1661, 1682, 2675, 2823, 2900, 6035, 10253, 10963, 14296, 14942, 14963, 18267, 18733]"
reduce,13,"[1005, 2633, 5506, 5590, 5678, 7211, 7280, 7292, 11327, 11396, 11408, 13115, 16512]"
traders,13,"[1495, 2077, 2274, 4378, 7488, 7590, 12824, 12875, 12910, 17778, 17830, 17858, 19082]"
revs,13,"[14848, 14876, 15342, 15387, 15940, 15972, 16371, 16398, 17259, 18197, 18255, 19686, 19732]"
earlier,12,"[3514, 6709, 7735, 10224, 10993, 11637, 12061, 12088, 12908, 17826, 18006, 19610]"
industry,12,"[613, 701, 879, 1045, 1115, 6245, 7341, 9313, 9804, 10355, 10884, 11796]"
poehl,12,"[13479, 13489, 13526, 13578, 13689, 13743, 13783, 13898, 17405, 17526, 17566, 17598]"
korea,12,"[441, 466, 481, 2146, 5184, 5193, 5283, 5302, 5429, 5472, 5518, 7400]"
month,12,"[1555, 3597, 3693, 4220, 7754, 7788, 8033, 8042, 14470, 16005, 16230, 16855]"
likely,12,"[1841, 2066, 3603, 3691, 6684, 7517, 9761, 9874, 9930, 13200, 14441, 15224]"
rates,12,"[3685, 7944, 8029, 8124, 8375, 13607, 13811, 13925, 15693, 17140, 17342, 17368]"
proxmire,12,"[16410, 16420, 16456, 16549, 16580, 16607, 16668, 16698, 16737, 16797, 16800, 16845]"
per,12,"[5871, 7484, 7715, 9239, 11950, 12894, 14026, 16109, 17751, 17942, 19074, 19164]"
record,12,"[816, 8035, 8656, 8685, 12790, 14299, 18279, 18736, 18871, 18882, 18968, 19848]"
term,12,"[106, 573, 597, 1035, 1054, 3720, 7942, 8780, 17027, 17070, 17224, 19420]"
bundesbank,12,"[3420, 3430, 3520, 3541, 3589, 3614, 3650, 3701, 13485, 13746, 17401, 17541]"
open,12,"[386, 1944, 2343, 2448, 3677, 4179, 4203, 4321, 4329, 7145, 11261, 16623]"
yesterday,12,"[794, 1625, 6067, 6078, 7002, 7022, 10140, 10665, 11530, 11743, 13142, 14906]"
industrial,12,"[219, 1717, 4058, 4067, 4135, 4154, 4732, 6151, 6164, 14638, 14998, 17327]"
time,12,"[240, 1771, 2842, 2903, 3237, 5280, 5515, 9474, 10520, 13831, 16652, 17442]"
sources,11,"[633, 1176, 1649, 1753, 9314, 10801, 11730, 11857, 12373, 14930, 19327]"
rise,11,"[1118, 1437, 4510, 4906, 5147, 5644, 6274, 6452, 13021, 13095, 13104]"
united,11,"[5666, 5895, 7929, 8086, 8713, 11715, 12333, 13558, 13895, 17462, 17624]"
months,11,"[244, 2010, 2028, 5446, 6254, 7966, 8548, 14219, 15136, 17437, 19475]"
years,11,"[2617, 2935, 3191, 5374, 6564, 8717, 9156, 9278, 9385, 9968, 10898]"
lead,11,"[75, 461, 5652, 5753, 5884, 5898, 5915, 5931, 10034, 11164, 17183]"
high,11,"[1404, 4118, 5922, 6318, 7939, 8043, 8122, 9305, 10122, 16117, 17110]"
half,11,"[823, 3865, 9300, 10205, 10259, 10285, 10337, 14861, 15886, 18743, 18746]"
services,11,"[5011, 6185, 6814, 6906, 13063, 16344, 19875, 19935, 19939, 19984, 19994]"
domestic,11,"[1129, 2739, 3062, 7142, 7208, 8634, 8880, 9372, 11258, 11324, 13598]"
increase,11,"[1309, 1520, 2859, 4350, 4818, 5232, 6178, 10873, 12595, 16174, 16329]"
san,11,"[7599, 7631, 7688, 7857, 7883, 11682, 11692, 12204, 12219, 12269, 12552]"
tariffs,11,"[130, 173, 232, 258, 396, 4629, 7158, 10426, 10598, 11274, 14740]"
miguel,11,"[7600, 7632, 7689, 7858, 7884, 11683, 11693, 12205, 12220, 12270, 12553]"
commission,10,"[1691, 7525, 7661, 10776, 11879, 12442, 14972, 16521, 19037, 19043]"
kong,10,"[543, 612, 640, 661, 3985, 7784, 7864, 11006, 11181, 12109]"
hong,10,"[542, 611, 639, 660, 3984, 7783, 7863, 11005, 11180, 12108]"
central,10,"[1599, 3463, 3857, 3964, 11450, 11645, 12605, 12640, 16008, 17200]"
general,10,"[606, 3972, 4626, 4831, 6199, 11169, 14737, 14813, 15065, 16598]"
recent,10,"[1508, 3242, 6253, 8547, 8716, 8736, 9384, 14352, 14405, 16458]"
atlas,10,"[3735, 3752, 3782, 3786, 3869, 3912, 3931, 3942, 3990, 4022]"
mark,10,"[10273, 13503, 13684, 13730, 14581, 17532, 17666, 18429, 19243, 19271]"
report,10,"[2235, 6196, 9752, 10191, 12158, 12970, 12990, 13127, 14120, 18568]"
countries,10,"[530, 721, 4438, 8172, 13260, 13890, 13912, 17328, 17362, 17434]"
ministry,10,"[1040, 1072, 2037, 3116, 4177, 4192, 4237, 4716, 5425, 10350]"
farm,10,"[4180, 4205, 4230, 4282, 4300, 4643, 4720, 4746, 14707, 14723]"
bid,10,"[3471, 7597, 7774, 7851, 10011, 11690, 12421, 14010, 14391, 14614]"
since,10,"[4544, 6204, 6627, 9475, 10309, 10515, 12672, 12707, 14389, 17536]"
world,10,"[159, 377, 1529, 2091, 3802, 4029, 9750, 10178, 13226, 17453]"
several,10,"[1953, 4007, 7615, 9277, 14190, 14518, 14531, 14543, 14551, 16772]"
bond,10,"[3068, 3731, 3740, 3878, 3909, 3978, 4002, 7704, 7707, 8374]"
given,10,"[6428, 7069, 11075, 11185, 11591, 13777, 15530, 15805, 15876, 15894]"
end,10,"[895, 2134, 3404, 4368, 8672, 9100, 9477, 12806, 17924, 19352]"
financial,9,"[826, 2536, 2663, 2780, 9200, 12026, 13062, 14452, 16343]"
state,9,"[1743, 7123, 9553, 9637, 10774, 11239, 13360, 13423, 15024]"
made,9,"[1931, 2181, 2757, 6537, 7846, 10812, 11647, 14393, 19202]"
despite,9,"[845, 1506, 2581, 6816, 7104, 11220, 17512, 19171, 19219]"
security,9,"[3671, 7259, 11375, 19874, 19917, 19929, 19938, 19983, 19993]"
k,9,"[5073, 6476, 6952, 11587, 15526, 17717, 17768, 17783, 19095]"
june,9,"[3406, 7588, 7893, 9505, 9672, 10197, 12495, 12819, 18734]"
komatsu,9,"[2590, 2619, 2895, 2943, 2946, 3002, 3022, 3088, 3156]"
still,9,"[1640, 1913, 3733, 3766, 5543, 9071, 9426, 13981, 14921]"
expects,9,"[1428, 10961, 12988, 14118, 15698, 16033, 16043, 16080, 17952]"
germany,9,"[13581, 13676, 13692, 13786, 13817, 17569, 17799, 18414, 19104]"
deficit,9,"[1239, 1248, 5077, 5493, 8439, 9496, 9540, 13553, 17639]"
rose,9,"[1283, 4069, 5315, 5433, 5453, 6479, 8653, 10235, 13380]"
bill,9,"[1327, 10062, 16510, 16640, 16743, 16765, 16831, 16852, 16875]"
low,9,"[4132, 7539, 9371, 9729, 10150, 10533, 13147, 13759, 13767]"
rubber,9,"[1417, 1940, 1987, 2001, 2050, 2099, 2104, 2195, 2228]"
indonesia,9,"[1421, 1427, 1500, 1526, 2069, 2087, 3306, 3363, 11551]"
energy,9,"[1036, 1055, 1069, 1085, 1142, 1159, 1174, 1189, 3313]"
reserve,9,"[2849, 3606, 4801, 6659, 8469, 8494, 8541, 16685, 16756]"
take,9,"[5117, 6218, 7024, 7203, 8423, 8519, 10518, 11319, 13193]"
production,9,"[1019, 2476, 4155, 5708, 9246, 10891, 13116, 13245, 14153]"
asked,9,"[329, 3340, 4624, 4811, 7129, 9743, 10782, 11245, 11911]"
compared,9,"[3824, 6856, 9244, 11561, 12898, 13042, 13234, 13317, 16001]"
seven,9,"[916, 922, 1399, 4107, 6581, 11668, 17048, 17394, 19445]"
nsw,9,"[1609, 1619, 1637, 1721, 1733, 14900, 14918, 15002, 15014]"
says,9,"[901, 3305, 4178, 6747, 10005, 17272, 17291, 18682, 18700]"
steel,9,"[10718, 10725, 10745, 10767, 10788, 10805, 10834, 10859, 10883]"
boost,9,"[65, 802, 2126, 4465, 6430, 7140, 8981, 11256, 12039]"
inflation,9,"[5650, 8909, 9373, 11533, 11543, 13568, 13760, 13800, 13810]"
dispute,9,"[450, 897, 1646, 1683, 14927, 14964, 15057, 15067, 15240]"
total,9,"[2263, 3474, 3914, 9820, 10964, 13222, 15627, 17726, 17846]"
want,9,"[409, 1965, 3050, 3176, 5624, 7986, 8177, 16790, 17499]"
sector,9,"[4733, 6165, 6239, 8646, 8698, 9201, 15141, 15254, 15282]"
although,9,"[2185, 3717, 4515, 6550, 9954, 10232, 12718, 15264, 17843]"
white,9,"[7449, 7583, 12861, 17279, 17298, 17734, 18889, 18941, 19057]"
plant,9,"[2458, 5709, 5742, 5759, 5865, 5984, 5993, 6854, 6895]"
result,9,"[2526, 7188, 7552, 9020, 11304, 14570, 17053, 17118, 19792]"
much,9,"[635, 2685, 3656, 5274, 8978, 9059, 12726, 13096, 14422]"
nine,8,"[2270, 7035, 12076, 14469, 14838, 15365, 15952, 16383]"
banking,8,"[2991, 3575, 6596, 6600, 6631, 6743, 16416, 17080]"
strong,8,"[15161, 15695, 16061, 16229, 17968, 17985, 18129, 18158]"
port,8,"[1672, 1710, 1757, 14953, 14991, 15064, 15174, 15250]"
investors,8,"[7976, 8190, 8312, 8417, 8488, 8534, 12409, 16773]"
avg,8,"[15352, 15397, 15779, 16918, 16968, 18323, 18369, 19389]"
ports,8,"[1610, 1638, 1704, 1722, 1788, 14919, 14985, 15003]"
shrs,8,"[15353, 15398, 15780, 16919, 16969, 18324, 18370, 19390]"
german,8,"[6150, 6163, 13510, 13522, 13664, 17315, 17653, 17703]"
note,8,"[5149, 15814, 15907, 16981, 18265, 18382, 19572, 19744]"
good,8,"[2183, 7663, 8771, 9401, 12444, 12610, 18787, 18858]"
sequestered,8,"[7620, 7747, 11712, 11939, 12201, 12310, 12338, 12446]"
hit,8,"[192, 524, 1611, 3799, 4183, 9433, 11685, 11724]"
whether,8,"[2668, 7134, 7271, 7287, 9160, 11250, 11387, 11403]"
national,8,"[1002, 5713, 8130, 13704, 16451, 19855, 19864, 19967]"
sell,8,"[156, 9296, 9791, 10786, 11841, 16243, 16259, 17545]"
long,8,"[98, 1033, 1052, 1815, 8779, 17025, 17068, 19418]"
feb,8,"[14831, 15321, 15456, 15923, 16890, 18295, 18645, 19656]"
early,8,"[5406, 7172, 9591, 11288, 12197, 12746, 13154, 18829]"
acquired,8,"[14349, 16528, 18405, 18624, 19416, 19470, 19870, 19907]"
fall,8,"[1458, 6753, 6810, 7304, 8022, 9380, 13484, 17658]"
jardine,8,"[9970, 9987, 10900, 10910, 10981, 11037, 11042, 11097]"
price,8,"[1424, 2283, 6077, 6701, 6757, 7697, 12229, 14081]"
declined,8,"[1381, 4264, 7510, 10713, 12957, 14418, 17378, 17832]"
firm,8,"[216, 3779, 7810, 10960, 11105, 13356, 13365, 13429]"
owned,8,"[2400, 7811, 7873, 12354, 12453, 13362, 14461, 14604]"
level,8,"[5259, 5697, 6819, 8669, 13942, 17840, 19160, 19217]"
ago,8,"[1269, 1658, 7427, 9279, 12065, 14169, 14939, 17438]"
companies,8,"[7604, 8706, 9076, 12401, 14411, 18525, 19876, 19910]"
estimated,8,"[1209, 2567, 5763, 9114, 9406, 13237, 15645, 17151]"
taking,8,"[1762, 2805, 5207, 5685, 8191, 8906, 10030, 10437]"
bills,8,"[5110, 5122, 5131, 11652, 15567, 15574, 15594, 15615]"
extension,8,"[3310, 3321, 3368, 3377, 3418, 6947, 6979, 7041]"
later,8,"[2048, 4218, 6331, 6652, 9846, 13195, 16853, 17396]"
dlr,8,"[5492, 7850, 8432, 12101, 14025, 16990, 19821, 19836]"
rate,8,"[3455, 4099, 4891, 8506, 11534, 13343, 13798, 13825]"
compaq,8,"[16027, 16038, 16076, 16124, 16166, 16184, 16193, 16201]"
partners,8,"[726, 5662, 5788, 5857, 7013, 13931, 14213, 17468]"
hold,8,"[5252, 5358, 5688, 6083, 6099, 8848, 10059, 12520]"
terms,8,"[7905, 8877, 8890, 13335, 13772, 16275, 18424, 18490]"
beef,8,"[748, 4432, 4456, 4476, 4541, 4605, 4664, 14768]"
among,8,"[25, 375, 2785, 5103, 5544, 12379, 16505, 17432]"
pesos,7,"[3816, 7714, 11946, 11949, 11970, 12563, 12592]"
plc,7,"[4866, 4973, 6283, 6393, 10040, 10632, 14309]"
decision,7,"[1106, 1923, 3137, 3165, 7010, 10472, 19130]"
los,7,"[11886, 11900, 11954, 11990, 12057, 12085, 12171]"
kim,7,"[5217, 5333, 5466, 5581, 5584, 5640, 5699]"
expand,7,"[532, 1835, 2102, 2644, 3206, 6368, 10794]"
j,7,"[18996, 19016, 19481, 19925, 19947, 19959, 19972]"
industries,7,"[4865, 4972, 6277, 6282, 14583, 16267, 16338]"
crop,7,"[9891, 12609, 12723, 12798, 18760, 18795, 18852]"
canadian,7,"[5733, 5766, 5914, 5946, 18466, 18473, 18510]"
february,7,"[6259, 7322, 13919, 14259, 17073, 17354, 17537]"
profits,7,"[4905, 6293, 6413, 6560, 12973, 14663, 19210]"
second,7,"[1532, 2094, 3864, 6641, 11870, 17128, 17971]"
de,7,"[11885, 11899, 11953, 11989, 12056, 12084, 12170]"
tin,7,"[1393, 3308, 3326, 6946, 6965, 6983, 7054]"
ecus,7,"[7482, 12893, 17286, 17305, 17749, 17940, 19072]"
loans,7,"[2575, 3886, 3915, 17028, 17091, 19527, 19590]"
merger,7,"[2500, 2529, 2630, 2703, 3247, 14077, 14540]"
supply,7,"[1056, 1143, 1175, 10504, 13614, 13751, 13856]"
make,7,"[1955, 1976, 3178, 4788, 6662, 15200, 19147]"
mining,7,"[2341, 2350, 3736, 3754, 3778, 3926, 6107]"
american,7,"[79, 2169, 2809, 9854, 9866, 10548, 13970]"
bell,7,"[10600, 10607, 10651, 10667, 10675, 13997, 14012]"
malaysia,7,"[509, 1513, 1539, 9674, 9682, 9754, 9789]"
details,7,"[1028, 4016, 4174, 9652, 14579, 17721, 19038]"
mtbe,7,"[5707, 5776, 5874, 5889, 5949, 5974, 5983]"
days,7,"[1948, 3594, 12621, 16547, 16631, 16637, 17096]"
matheson,7,"[9971, 9988, 10901, 10911, 10982, 11038, 11098]"
started,7,"[3861, 5206, 8814, 14017, 14548, 14590, 18599]"
operations,7,"[3854, 6478, 9274, 18058, 18086, 18106, 19981]"
four,7,"[1947, 2016, 4473, 10928, 11673, 12615, 13145]"
sale,7,"[2301, 7908, 8737, 11862, 12434, 14399, 15842]"
conrac,7,"[14507, 14520, 14533, 14544, 14594, 14610, 14616]"
trust,7,"[3038, 11823, 16995, 17008, 17101, 17150, 17168]"
pact,7,"[153, 3309, 3335, 3354, 3451, 3515, 10382]"
value,7,"[1121, 8235, 8772, 13545, 13992, 19818, 19833]"
spending,7,"[819, 836, 9050, 9389, 9533, 9638, 14159]"
well,7,"[3599, 10146, 13892, 14498, 17975, 17988, 18123]"
six,7,"[3593, 6507, 6544, 17436, 18238, 19698, 19748]"
import,7,"[395, 1326, 1545, 1565, 4301, 4638, 4696]"
called,7,"[1730, 7568, 13903, 15011, 15169, 15307, 18609]"
stoltenberg,7,"[17307, 17319, 17344, 17399, 17425, 17505, 17650]"
continue,7,"[785, 7255, 11053, 11371, 14188, 15694, 15700]"
short,7,"[104, 571, 595, 1770, 3718, 5277, 7940]"
mead,7,"[15652, 15665, 17946, 17957, 18074, 18114, 18148]"
might,7,"[64, 111, 459, 520, 7543, 8407, 12292]"
average,7,"[3581, 9322, 13284, 13307, 13339, 18790, 18815]"
paris,7,"[17312, 17336, 17411, 17478, 17580, 17634, 17857]"
n,7,"[6521, 6723, 7611, 19923, 19945, 19957, 19970]"
policy,7,"[3560, 8285, 8471, 8512, 13535, 13794, 13840]"
development,7,"[2110, 3756, 3948, 3954, 4024, 5567, 11167]"
action,7,"[645, 1718, 1729, 7290, 11406, 14999, 15010]"
angeles,7,"[11887, 11901, 11955, 11991, 12058, 12086, 12172]"
buy,7,"[3492, 4373, 7830, 7853, 10744, 11706, 12322]"
bonus,7,"[4772, 4795, 9980, 9997, 10908, 10933, 10950]"
miti,7,"[881, 1047, 1076, 1134, 1167, 10357, 10483]"
december,7,"[2205, 3821, 4575, 12095, 12673, 12821, 14395]"
prevent,7,"[622, 3654, 9490, 9796, 11983, 16590, 18982]"
fund,7,"[3949, 7922, 7984, 8342, 11798, 17238, 17451]"
washington,7,"[888, 5289, 7114, 10365, 10397, 11230, 14819]"
meet,7,"[886, 1063, 9677, 9686, 13587, 16753, 19191]"
rebate,7,"[7473, 12883, 12961, 17282, 17301, 17931, 19063]"
canada,7,"[4347, 5746, 5797, 5849, 5938, 8002, 17364]"
kuroda,7,"[868, 10362, 10404, 10433, 10457, 10465, 10525]"
forecast,7,"[1065, 5078, 5089, 9565, 9595, 12825, 13272]"
already,7,"[2142, 4440, 10058, 10067, 10395, 13583, 18762]"
accord,7,"[3390, 4477, 13905, 17313, 17337, 17419, 17479]"
ucpb,7,"[11720, 11748, 11790, 11825, 11836, 12223, 12431]"
noted,6,"[1235, 3616, 6408, 13579, 14371, 17527]"
next,6,"[3291, 3696, 4478, 5372, 9602, 10896]"
norway,6,"[6504, 6587, 6606, 6626, 6638, 6674]"
buying,6,"[7561, 7570, 7680, 7741, 8598, 12504]"
moves,6,"[2751, 2759, 5185, 7138, 11254, 17309]"
loan,6,"[3893, 12102, 12126, 15826, 15859, 19600]"
bought,6,"[11429, 15561, 15588, 15607, 19450, 19978]"
diaz,6,"[7655, 7699, 7724, 12301, 12438, 12511]"
agreed,6,"[2719, 2821, 5731, 13933, 15069, 18482]"
dutch,6,"[13354, 13363, 13422, 15055, 18739, 18757]"
saying,6,"[7799, 10769, 10837, 11049, 13914, 19157]"
act,6,"[2970, 2985, 15106, 16469, 16627, 16862]"
subsidiary,6,"[3108, 3169, 6525, 6725, 7886, 12110]"
department,6,"[1274, 1345, 2285, 2293, 7334, 7387]"
higher,6,"[12971, 12997, 13276, 13350, 16034, 16055]"
sharply,6,"[1426, 1438, 4511, 6315, 9764, 10893]"
acquisition,6,"[3876, 6043, 14516, 14529, 14557, 18399]"
go,6,"[1819, 1927, 5998, 9138, 15215, 17691]"
soriano,6,"[12073, 12317, 12375, 12397, 12411, 12503]"
credit,6,"[3559, 5064, 9056, 9097, 9151, 16992]"
workers,6,"[1746, 6158, 6220, 6232, 15027, 15260]"
london,6,"[7436, 10664, 12912, 13327, 17829, 18584]"
part,6,"[1724, 10528, 12174, 13967, 15005, 16324]"
cojuangco,6,"[11781, 11792, 11816, 12278, 12455, 12466]"
steps,6,"[5208, 7204, 8991, 11320, 13111, 13585]"
position,6,"[2602, 2611, 4572, 8162, 15298, 18140]"
president,6,"[2588, 12145, 12462, 13486, 16070, 17402]"
britain,6,"[6969, 7004, 8000, 10006, 10036, 16808]"
nearly,6,"[1674, 8664, 8681, 14690, 14955, 17675]"
split,6,"[12341, 19759, 19772, 19788, 19795, 19840]"
back,6,"[2609, 3367, 3493, 6333, 6977, 11707]"
period,6,"[4084, 5278, 8694, 16089, 16615, 16653]"
liquidity,6,"[3480, 3572, 3645, 3657, 5108, 15641]"
received,6,"[8078, 8976, 17142, 17736, 17785, 19085]"
western,6,"[1623, 2340, 2349, 6128, 14904, 19446]"
expect,6,"[3182, 4884, 6555, 9840, 17688, 18839]"
legislation,6,"[7296, 11412, 16414, 16431, 16478, 16671]"
agriculture,6,"[2295, 4191, 4307, 4385, 4580, 4703]"
ban,6,"[1606, 1628, 1653, 14891, 14909, 14934]"
calendar,6,"[1582, 1857, 2242, 9698, 10866, 14241]"
ending,6,"[3820, 8115, 9504, 10261, 14246, 16090]"
monier,6,"[10004, 10018, 10053, 10073, 10115, 10157]"
kuwait,6,"[8802, 8950, 9208, 9229, 9316, 9436]"
system,6,"[1946, 3576, 5180, 9057, 11629, 18924]"
indonesian,6,"[1473, 1577, 1831, 1837, 3317, 11532]"
intervention,6,"[7534, 12942, 17270, 17289, 17719, 17770]"
based,6,"[2542, 6532, 6741, 7768, 10474, 13083]"
increased,6,"[4044, 4493, 8476, 14143, 14183, 16463]"
possible,6,"[414, 2954, 3726, 14180, 14556, 19223]"
bowater,6,"[4902, 4971, 6276, 6281, 6337, 6410]"
taiwan,6,"[288, 335, 364, 432, 2148, 7404]"
proposed,6,"[809, 6917, 11860, 14718, 15132, 19285]"
budget,6,"[814, 9495, 9513, 9560, 9668, 17638]"
public,6,"[817, 15818, 15912, 16436, 16599, 18590]"
offer,6,"[4411, 10050, 14029, 14060, 16619, 16657]"
secretary,6,"[4386, 4578, 7121, 7657, 11134, 11237]"
commercial,6,"[574, 2988, 3130, 6599, 14212, 17179]"
chief,6,"[469, 6404, 8248, 12025, 16072, 18001]"
particularly,6,"[5664, 8352, 8642, 8726, 16228, 18157]"
pressure,6,"[463, 585, 4729, 5287, 9851, 11464]"
unilever,6,"[14302, 14308, 14366, 14372, 14416, 14483]"
stauffer,6,"[14306, 14337, 14380, 14398, 14429, 14455]"
cost,6,"[163, 555, 2380, 2706, 5761, 19894]"
improved,6,"[1010, 1299, 17953, 17991, 18085, 18127]"
reserves,6,"[369, 9440, 9484, 9554, 19335, 19344]"
problems,6,"[412, 2789, 7230, 7245, 11346, 11361]"
remove,6,"[390, 4425, 4694, 5138, 7216, 11332]"
account,6,"[5361, 5392, 5476, 8438, 8908, 9413]"
firms,6,"[183, 5734, 6216, 10549, 10749, 10780]"
drop,6,"[4250, 4535, 7099, 9763, 11215, 13461]"
brazil,6,"[4506, 17002, 17030, 17055, 17176, 19592]"
l,6,"[4872, 4979, 6289, 6399, 10046, 10638]"
including,6,"[1178, 1377, 3245, 4646, 13766, 16342]"
meeting,6,"[4832, 6995, 12137, 12545, 15301, 17446]"
people,6,"[4087, 8091, 8229, 8296, 9197, 16791]"
band,5,"[11658, 11672, 15557, 15585, 15612]"
sold,5,"[6010, 11460, 17274, 17293, 18137]"
cane,5,"[12608, 12628, 12736, 12780, 12814]"
previous,5,"[9885, 10133, 11568, 13049, 16004]"
weeks,5,"[3698, 8595, 12064, 14406, 17908]"
nil,5,"[6873, 6923, 16360, 16362, 16389]"
grain,5,"[908, 930, 2299, 4377, 15253]"
parent,5,"[3147, 10278, 13014, 19245, 19342]"
coffee,5,"[1938, 1995, 2014, 2188, 2240]"
soybean,5,"[4503, 9785, 9860, 9871, 9904]"
f,5,"[2321, 18676, 18694, 18712, 19140]"
daily,5,"[900, 935, 4090, 8080, 10460]"
provisions,5,"[6847, 6889, 15828, 16507, 19220]"
approved,5,"[2296, 6651, 11919, 14065, 19780]"
employers,5,"[15085, 15122, 15149, 15218, 15287]"
goods,5,"[136, 255, 6238, 6246, 11486]"
figures,5,"[1601, 7175, 8062, 11291, 19751]"
far,5,"[38, 6446, 12768, 15633, 18827]"
francs,5,"[6845, 6883, 6898, 6911, 6926]"
local,5,"[2410, 4342, 5241, 9003, 10735]"
factors,5,"[1954, 5106, 6796, 8930, 13764]"
unit,5,"[2423, 6064, 6505, 8206, 13064]"
left,5,"[961, 7112, 9029, 9549, 11228]"
outstanding,5,"[7222, 9095, 11338, 11762, 14696]"
rubbermaid,5,"[15032, 15042, 15410, 15678, 15687]"
paper,5,"[983, 1024, 10853, 17965, 18105]"
producer,5,"[1534, 2096, 3793, 14619, 14651]"
c,5,"[2319, 5816, 18959, 19911, 19915]"
court,5,"[10680, 11742, 12281, 15183, 15196]"
day,5,"[626, 3448, 9240, 17124, 17214]"
sanctions,5,"[7078, 7102, 10564, 11194, 11218]"
tomorrow,5,"[10559, 15309, 19132, 19155, 19192]"
important,5,"[5837, 7250, 9618, 11147, 11366]"
political,5,"[7125, 7261, 11241, 11377, 13652]"
sec,5,"[11881, 11913, 11958, 12054, 16578]"
affairs,5,"[7126, 9621, 11137, 11242, 13523]"
div,5,"[4920, 14281, 18237, 18272, 18726]"
substantial,5,"[7462, 8410, 12929, 13541, 13709]"
mills,5,"[602, 10792, 10848, 12685, 12787]"
start,5,"[1774, 1843, 2184, 2198, 18859]"
transaction,5,"[11917, 12037, 14568, 16278, 16288]"
measures,5,"[800, 808, 5686, 13656, 17382]"
available,5,"[5781, 8072, 10692, 12367, 14451]"
nippon,5,"[10717, 10724, 10766, 10804, 10833]"
council,5,"[1737, 6966, 7055, 14814, 15018]"
went,5,"[1684, 14965, 15817, 15911, 18589]"
held,5,"[3579, 10669, 11821, 11866, 19169]"
tax,5,"[4958, 13602, 13632, 16991, 17586]"
number,5,"[6156, 6230, 14409, 19802, 19872]"
ldp,5,"[14701, 14715, 14747, 14785, 14812]"
congress,5,"[7288, 11404, 16467, 16871, 17645]"
mths,5,"[15366, 15953, 16384, 19699, 19749]"
units,5,"[7480, 16245, 17747, 17938, 19070]"
cargo,5,"[1700, 1784, 14981, 15056, 15066]"
began,5,"[1697, 7383, 12710, 14978, 15142]"
recently,5,"[10201, 10757, 15910, 16182, 19877]"
meanwhile,5,"[770, 1694, 12298, 14975, 15237]"
fiscal,5,"[853, 1201, 9502, 11553, 14235]"
view,5,"[563, 598, 2690, 7514, 17837]"
kilos,5,"[7486, 12896, 17753, 17944, 19076]"
cpo,5,"[1423, 1433, 1481, 1580, 1896]"
allow,5,"[398, 521, 5268, 9134, 16745]"
tonne,5,"[1446, 1488, 2318, 9777, 9890]"
outlook,5,"[1059, 1146, 12724, 17961, 17986]"
issues,5,"[4751, 7224, 7262, 11340, 11378]"
electric,5,"[218, 1130, 1197, 16266, 16318]"
sees,5,"[1422, 13169, 14109, 15684, 17308]"
payments,5,"[14210, 17058, 17093, 17136, 17189]"
area,5,"[2654, 7237, 11353, 12688, 18984]"
non,5,"[13223, 17004, 17032, 18955, 19596]"
quoted,5,"[7789, 10765, 10832, 11044, 12021]"
planned,5,"[5230, 6689, 13635, 16321, 16428]"
cash,5,"[7992, 9164, 13330, 17135, 19430]"
vw,5,"[19142, 19185, 19205, 19251, 19329]"
put,5,"[168, 2761, 8179, 8257, 9446]"
named,5,"[333, 4267, 10799, 12413, 14725]"
holds,5,"[3082, 3148, 4874, 10068, 10620]"
damage,5,"[3, 42, 9802, 13505, 13949]"
changes,5,"[1112, 1740, 3054, 13947, 15021]"
october,5,"[2578, 3905, 4852, 10313, 15820]"
move,5,"[61, 1957, 1967, 2795, 2898]"
work,5,"[1138, 1767, 15127, 15244, 18432]"
fell,5,"[1331, 5525, 7311, 10210, 13393]"
vieille,5,"[6745, 6775, 6823, 6867, 6933]"
however,5,"[1329, 5620, 11123, 17601, 18917]"
following,5,"[1116, 3134, 6607, 12675, 15180]"
previously,5,"[6425, 10668, 10926, 12653, 14019]"
montagne,5,"[6746, 6776, 6824, 6868, 6934]"
buttrose,5,"[8251, 8306, 8413, 8466, 8794]"
lower,5,"[1080, 1340, 1371, 6657, 7360]"
takeover,5,"[14353, 16604, 16717, 16727, 16780]"
must,5,"[384, 3491, 9790, 13860, 16620]"
placed,5,"[2792, 9211, 17015, 18132, 19594]"
negotiations,5,"[3871, 3994, 14549, 17174, 17192]"
income,5,"[6815, 9456, 9551, 17042, 17157]"
better,5,"[1453, 1563, 6692, 9210, 12727]"
losses,5,"[3847, 6734, 12737, 13470, 19173]"
basis,5,"[1217, 8590, 14100, 14780, 17683]"
nickel,5,"[13091, 13099, 13125, 13163, 13211]"
existing,5,"[3884, 4225, 5847, 6372, 11117]"
resources,5,"[1157, 6095, 7333, 18470, 18487]"
citibank,5,"[6503, 6512, 6566, 6577, 6667]"
cut,5,"[394, 3845, 5304, 9527, 14789]"
annual,5,"[2482, 4889, 10190, 12542, 17445]"
forward,4,"[2011, 2029, 9026, 13627]"
standard,4,"[10603, 10630, 10673, 10688]"
buyers,4,"[7390, 12370, 12381, 12418]"
electronics,4,"[135, 182, 215, 559]"
announced,4,"[10758, 10927, 12493, 14021]"
disclosed,4,"[16281, 18493, 19209, 19339]"
future,4,"[2916, 11114, 15082, 15235]"
place,4,"[235, 2614, 2764, 10031]"
monetary,4,"[11136, 13793, 13907, 17450]"
remain,4,"[233, 4522, 8383, 9394]"
january,4,"[1998, 13155, 13637, 15144]"
turnover,4,"[4936, 5961, 13392, 13464]"
offshore,4,"[8311, 8416, 8597, 8636]"
addition,4,"[5144, 9897, 15604, 16553]"
operating,4,"[5840, 6585, 14196, 18122]"
levels,4,"[5899, 13108, 13180, 17374]"
real,4,"[8723, 8773, 8889, 9493]"
study,4,"[2058, 5706, 5736, 5791]"
service,4,"[16337, 19909, 19919, 19980]"
pretax,4,"[4904, 4947, 6292, 15825]"
help,4,"[2115, 4671, 15535, 15547]"
paid,4,"[2683, 10306, 10320, 13419]"
see,4,"[3295, 8408, 8421, 17621]"
hanover,4,"[19764, 19774, 19797, 19852]"
leading,4,"[213, 6033, 9807, 16715]"
comment,4,"[10694, 10715, 12276, 13452]"
branch,4,"[2648, 2712, 6186, 7826]"
considering,4,"[2042, 3734, 4006, 10823]"
confirmed,4,"[3316, 10655, 19044, 19253]"
able,4,"[204, 3843, 9318, 17627]"
director,4,"[604, 6390, 10686, 12027]"
used,4,"[9045, 10847, 14777, 16806]"
home,4,"[2961, 9286, 13722, 15856]"
purchase,4,"[7576, 11977, 11995, 16322]"
holdings,4,"[2352, 3742, 7709, 10912]"
estimates,4,"[167, 12799, 16097, 16114]"
soon,4,"[3132, 10102, 11421, 13172]"
association,4,"[446, 12648, 15860, 16452]"
licences,4,"[3121, 12840, 17922, 19048]"
capacity,4,"[2484, 9247, 10892, 13426]"
north,4,"[7557, 7565, 12769, 18625]"
get,4,"[9320, 16787, 17642, 19771]"
related,4,"[3033, 3040, 12090, 14625]"
award,4,"[7463, 12838, 12868, 12930]"
mainly,4,"[4553, 6944, 9870, 13468]"
w,4,"[2411, 18678, 18696, 18714]"
anheuser,4,"[7593, 7601, 7669, 7841]"
busch,4,"[7595, 7603, 7671, 7843]"
growers,4,"[9703, 9741, 9835, 9839]"
quickly,4,"[385, 2599, 2671, 14178]"
unlikely,4,"[9684, 10593, 13093, 13102]"
buyer,4,"[4740, 11494, 14304, 14332]"
mine,4,"[2346, 2373, 2388, 2451]"
need,4,"[3015, 4166, 5671, 8484]"
quota,4,"[9233, 18907, 18923, 18957]"
tough,4,"[516, 8321, 8403, 8424]"
businesses,4,"[3214, 6373, 14438, 18120]"
medium,4,"[3213, 11455, 17022, 17065]"
takeovers,4,"[16440, 16497, 16666, 16707]"
latest,4,"[2233, 4888, 8065, 16983]"
us,4,"[320, 1956, 8448, 12291]"
senior,4,"[324, 437, 4236, 4715]"
virtually,4,"[187, 13215, 19236, 19309]"
plans,4,"[10238, 10871, 11839, 14376]"
sogo,4,"[2533, 2558, 2688, 3251]"
heiwa,4,"[2532, 2557, 2687, 3250]"
york,4,"[7727, 11521, 17010, 17196]"
certain,4,"[2512, 10428, 12180, 16298]"
issued,4,"[10080, 10627, 11744, 14320]"
hopes,4,"[3005, 7200, 10370, 11316]"
wheat,4,"[2282, 2309, 4331, 4352]"
food,4,"[2284, 7627, 11734, 14504]"
hard,4,"[522, 3161, 7432, 12921]"
members,4,"[3414, 6961, 7050, 15304]"
gas,4,"[1186, 1229, 9341, 18478]"
data,4,"[6257, 10346, 10368, 10477]"
businessmen,4,"[44, 290, 514, 567]"
maintain,4,"[1502, 4886, 12006, 19337]"
making,4,"[1507, 4928, 5631, 10048]"
possibly,4,"[1519, 1853, 9670, 12853]"
expectations,4,"[6280, 6302, 10500, 16058]"
unchanged,4,"[6818, 9721, 17535, 19268]"
philippines,4,"[3789, 4011, 7397, 7624]"
shortage,4,"[1570, 5091, 11626, 15642]"
showed,4,"[918, 6261, 6362, 6448]"
consolidated,4,"[3753, 6025, 12991, 13031]"
reasonable,4,"[4288, 5405, 8126, 10841]"
stocks,4,"[909, 931, 7361, 9818]"
insurance,4,"[16244, 16262, 19765, 19775]"
manufacturing,4,"[6244, 14148, 18287, 18388]"
ordinary,4,"[6921, 10953, 11109, 19165]"
queensland,4,"[12606, 12637, 12770, 12777]"
taken,4,"[6233, 6955, 13113, 13584]"
disrupted,4,"[1642, 1791, 10511, 14923]"
shipping,4,"[1648, 1752, 1828, 14929]"
imposed,4,"[1655, 12471, 14936, 18922]"
beet,4,"[18741, 18759, 18878, 18972]"
michael,4,"[864, 7117, 10413, 11233]"
debit,4,"[5035, 5051, 5057, 5070]"
farmers,4,"[4343, 11807, 18965, 18991]"
deputy,4,"[857, 873, 5214, 10406]"
community,4,"[6957, 7445, 12831, 17759]"
dealers,4,"[3647, 3728, 6326, 11446]"
program,4,"[855, 6832, 9012, 10760]"
seeking,4,"[6375, 10721, 10742, 14330]"
chesebrough,4,"[14358, 14387, 14431, 14485]"
little,4,"[7070, 7089, 11186, 11205]"
shearson,4,"[13098, 13118, 13168, 13208]"
ended,4,"[1203, 10196, 10312, 14258]"
benefit,4,"[8450, 11065, 11096, 14495]"
natural,4,"[1156, 1185, 1228, 2098]"
tonnage,4,"[4042, 7496, 12949, 17847]"
meetings,4,"[1151, 15083, 15119, 17324]"
committee,4,"[1150, 11152, 16417, 16860]"
give,4,"[4015, 7512, 12959, 17834]"
target,4,"[4105, 5156, 9681, 13612]"
auxton,4,"[14004, 14034, 14068, 14091]"
planning,4,"[1136, 5339, 7823, 10775]"
materials,4,"[1314, 5780, 5827, 10016]"
guilders,4,"[13384, 13399, 13441, 13445]"
conditions,4,"[6749, 6773, 18083, 18784]"
smaller,4,"[1366, 2693, 7500, 14384]"
computer,4,"[14035, 14623, 14821, 16039]"
key,4,"[1375, 8024, 8649, 19987]"
zinc,4,"[6759, 7302, 7308, 7413]"
chemical,4,"[13355, 13364, 14307, 14338]"
sides,4,"[3903, 3935, 7897, 15060]"
product,4,"[4162, 8881, 9338, 13705]"
improvement,4,"[4168, 6363, 15686, 18093]"
opening,4,"[5238, 11424, 11438, 18583]"
crude,4,"[1429, 1892, 9351, 10858]"
gave,4,"[1025, 4171, 9650, 14576]"
greater,4,"[1018, 13594, 16435, 17429]"
redland,4,"[6392, 10009, 10039, 10066]"
crops,4,"[1470, 12629, 12694, 12791]"
continued,4,"[15255, 15685, 16211, 17114]"
tokyo,4,"[107, 275, 2652, 11423]"
funds,4,"[3487, 3552, 7961, 8637]"
slow,4,"[5187, 5210, 9932, 10288]"
cutting,4,"[4441, 10890, 13605, 18932]"
affected,4,"[1797, 13819, 13888, 15268]"
filed,4,"[11778, 11873, 12167, 16575]"
probably,4,"[7170, 7498, 11286, 12801]"
suit,4,"[11872, 12062, 12166, 12240]"
kind,4,"[713, 3046, 8788, 18834]"
creek,4,"[6019, 6024, 6072, 6081]"
prior,4,"[4467, 14295, 18732, 19750]"
stockholders,4,"[11909, 12543, 19779, 19846]"
stand,4,"[782, 6954, 7026, 17898]"
currently,4,"[1936, 3703, 5918, 6388]"
louvre,4,"[13904, 17418, 17508, 17554]"
armacost,4,"[7118, 7193, 11234, 11309]"
relations,4,"[718, 3072, 4675, 10507]"
impose,4,"[125, 7157, 10425, 11273]"
least,4,"[1847, 2845, 4053, 18850]"
package,4,"[797, 3774, 14787, 14806]"
whim,4,"[6018, 6023, 6071, 6080]"
requirement,4,"[3607, 16562, 16586, 16692]"
saw,4,"[16210, 17348, 17912, 19299]"
oper,4,"[15656, 15669, 16932, 16943]"
class,4,"[19659, 19667, 19701, 19711]"
repurchase,4,"[3450, 3672, 5133, 11936]"
situation,4,"[7180, 10455, 11296, 11583]"
include,4,"[810, 8934, 11033, 14753]"
introduced,4,"[1905, 9014, 16183, 18927]"
question,4,"[1911, 3280, 7269, 11385]"
neptunia,3,"[7878, 12114, 12405]"
side,3,"[4133, 13845, 17575]"
booming,3,"[7915, 7919, 8606]"
executive,3,"[6405, 16073, 18002]"
forrest,3,"[6011, 6059, 6122]"
equity,3,"[3939, 12017, 19562]"
press,3,"[5226, 7132, 11248]"
managers,3,"[7923, 7985, 8343]"
attention,3,"[7248, 8720, 11364]"
provide,3,"[4589, 16481, 16642]"
ita,3,"[3329, 3371, 3399]"
order,3,"[7828, 14493, 15692]"
amatil,3,"[4765, 4775, 4855]"
rather,3,"[4117, 9348, 16709]"
edmonton,3,"[5744, 5819, 5990]"
inflow,3,"[7958, 8059, 8066]"
federal,3,"[2848, 16684, 16755]"
rapid,3,"[8364, 8490, 13749]"
elsewhere,3,"[8340, 12765, 13206]"
conference,3,"[5227, 7133, 11249]"
crowns,3,"[6509, 6546, 6672]"
limits,3,"[2791, 5916, 13671]"
percentage,3,"[6451, 8020, 16530]"
stake,3,"[4878, 10605, 13079]"
productive,3,"[8279, 9391, 9642]"
scheduled,3,"[5933, 5996, 12547]"
almost,3,"[4547, 8079, 8582]"
head,3,"[6571, 7642, 12304]"
dividends,3,"[4849, 10965, 11987]"
moment,3,"[7233, 10828, 11349]"
know,3,"[8104, 12530, 16793]"
unless,3,"[3407, 13109, 14056]"
dollars,3,"[8096, 11434, 11461]"
pre,3,"[4027, 16559, 16583]"
past,3,"[8032, 8362, 12619]"
lost,3,"[6589, 6668, 14225]"
depends,3,"[4546, 8281, 9606]"
amount,3,"[5553, 11432, 18953]"
exporters,3,"[1, 87, 428]"
barrel,3,"[6707, 8859, 9328]"
authorised,3,"[4820, 17870, 17918]"
near,3,"[2915, 15234, 17369]"
drain,3,"[3507, 5124, 5159]"
sixth,3,"[3324, 3380, 3398]"
downturn,3,"[6200, 6227, 10230]"
disclose,3,"[6075, 7694, 16770]"
predict,3,"[7434, 7456, 12923]"
subsidiaries,3,"[3124, 3139, 6584]"
exceptional,3,"[6879, 6888, 6900]"
pulp,3,"[4652, 14759, 18117]"
england,3,"[5086, 11599, 15539]"
owns,3,"[6124, 6144, 14642]"
main,3,"[3676, 5105, 15173]"
less,3,"[3150, 9783, 10970]"
replace,3,"[3216, 5881, 10941]"
reflect,3,"[3555, 7955, 19752]"
ratio,3,"[5592, 12018, 12041]"
top,3,"[4685, 7080, 11196]"
neste,3,"[5716, 5793, 5957]"
oy,3,"[5717, 5794, 5958]"
individuals,3,"[3209, 9074, 16714]"
combined,3,"[6132, 18498, 18899]"
believed,3,"[7494, 8539, 12947]"
chance,3,"[7090, 11206, 16465]"
celanese,3,"[5796, 5801, 5848]"
prepared,3,"[4663, 6975, 14767]"
allowed,3,"[3186, 3357, 6621]"
reducing,3,"[5627, 17636, 18940]"
team,3,"[7110, 10393, 11226]"
support,3,"[3318, 3376, 17548]"
focus,3,"[3059, 6736, 13838]"
depreciation,3,"[6762, 13566, 13571]"
quality,3,"[4163, 7987, 8146]"
interested,3,"[7678, 7739, 14552]"
mines,3,"[3311, 4033, 6126]"
restructuring,3,"[3889, 6593, 6831]"
spain,3,"[7043, 17811, 19116]"
continuing,3,"[3873, 12177, 18057]"
ramon,3,"[7654, 12028, 12300]"
panel,3,"[7646, 12141, 12308]"
subroto,3,"[3304, 3315, 3361]"
strengthening,3,"[3071, 17334, 17492]"
turning,3,"[5574, 8273, 8718]"
look,3,"[5859, 12698, 17330]"
intended,3,"[6366, 16566, 16848]"
results,3,"[6357, 13456, 14197]"
takes,3,"[7289, 10345, 11405]"
nl,3,"[6026, 6096, 6108]"
copper,3,"[3792, 3803, 3853]"
growing,3,"[5199, 5415, 18970]"
controls,3,"[4639, 7648, 13075]"
mn,3,"[3763, 7639, 11703]"
trend,3,"[6266, 6361, 8626]"
cra,3,"[6009, 6045, 6069]"
treasury,3,"[5121, 6570, 15566]"
figure,3,"[12962, 16019, 19234]"
concern,3,"[699, 13879, 17654]"
putting,3,"[11463, 12704, 16730]"
friday,3,"[709, 10561, 17198]"
information,3,"[11571, 14453, 14626]"
matter,3,"[733, 11082, 11148]"
discuss,3,"[11580, 17501, 19194]"
assistance,3,"[11595, 11610, 15628]"
deskpro,3,"[16158, 16167, 16194]"
significant,3,"[760, 5498, 14209]"
considered,3,"[1887, 1915, 8402]"
petition,3,"[11777, 11834, 12282]"
eduardo,3,"[11780, 11884, 12169]"
ruling,3,"[790, 14710, 15203]"
nainggolan,3,"[1863, 1960, 2118]"
commodity,3,"[1832, 1838, 1850]"
effect,3,"[1823, 6211, 13194]"
party,3,"[793, 14713, 14800]"
iii,3,"[12074, 16162, 16186]"
savings,3,"[15755, 15789, 15857]"
call,3,"[831, 3705, 16611]"
hawaiian,3,"[16261, 16265, 16317]"
confidence,3,"[1981, 8298, 8972]"
appreciation,3,"[10296, 13500, 13727]"
outcome,3,"[684, 7439, 12915]"
whose,3,"[468, 1379, 5960]"
similar,3,"[472, 3136, 3164]"
newspaper,3,"[10461, 10736, 14041]"
producers,3,"[525, 12646, 13191]"
third,3,"[529, 9112, 13700]"
europe,3,"[2163, 6491, 9276]"
selling,3,"[552, 9331, 11750]"
building,3,"[2130, 5740, 10015]"
overseas,3,"[2127, 2728, 4094]"
block,3,"[587, 7833, 11915]"
require,3,"[16434, 16768, 17084]"
needed,3,"[2060, 8980, 12757]"
feasibility,3,"[2057, 5738, 5862]"
announcement,3,"[10992, 11029, 19150]"
thailand,3,"[1244, 1296, 7406]"
biggest,3,"[664, 3791, 9204]"
proposal,3,"[11035, 14774, 19307]"
produced,3,"[675, 18880, 18962]"
without,3,"[11115, 16728, 17539]"
protest,3,"[1739, 15020, 15147]"
assuming,3,"[12093, 13337, 17133]"
trades,3,"[1734, 1937, 15015]"
union,3,"[15175, 15292, 15303]"
primary,3,"[1084, 6658, 18223]"
research,3,"[14146, 14158, 14822]"
lb,3,"[13141, 13291, 13316]"
harahap,3,"[1464, 1498, 1559]"
malaysian,3,"[1460, 1478, 9916]"
california,3,"[14102, 14113, 14262]"
fob,3,"[1447, 2005, 2219]"
decline,3,"[1127, 7354, 13542]"
power,3,"[1131, 1198, 10486]"
agency,3,"[1154, 19953, 19964]"
dsm,3,"[13357, 13367, 13458]"
rice,3,"[1378, 4324, 4416]"
provided,3,"[1190, 11602, 15542]"
expanded,3,"[1350, 2727, 10978]"
raw,3,"[1313, 5779, 5826]"
cuts,3,"[13603, 13633, 17587]"
followed,3,"[1219, 8613, 14074]"
thai,3,"[1237, 7301, 7307]"
aim,3,"[13537, 16673, 18930]"
lire,3,"[13002, 13026, 13039]"
delivery,3,"[1491, 2023, 2338]"
significantly,3,"[12996, 13105, 17990]"
region,3,"[12635, 12657, 12774]"
sydney,3,"[1706, 8739, 14987]"
handling,3,"[1701, 1785, 14982]"
disruption,3,"[1696, 1817, 14977]"
arbitration,3,"[1690, 12140, 14971]"
coming,3,"[12213, 12289, 16603]"
representative,3,"[863, 10412, 10577]"
effort,3,"[893, 2106, 10546]"
redundancies,3,"[15133, 15154, 15190]"
fruit,3,"[958, 4647, 14754]"
mi,3,"[12984, 13059, 13073]"
ends,3,"[1607, 14892, 19655]"
initial,3,"[12796, 13451, 16178]"
lose,3,"[1573, 2514, 8297]"
parties,3,"[14519, 14532, 14553]"
assets,3,"[14385, 19517, 19549]"
maximum,3,"[12882, 17741, 19061]"
august,3,"[1061, 2820, 19761]"
fondiaria,3,"[12968, 12977, 13084]"
margin,3,"[16677, 16691, 16761]"
serious,3,"[637, 732, 11849]"
baht,3,"[1255, 1289, 1356]"
external,3,"[9397, 13763, 13844]"
treatment,3,"[2457, 16443, 16822]"
failure,3,"[148, 12678, 16751]"
woolworth,3,"[18680, 18698, 18716]"
summer,3,"[8864, 9616, 12681]"
steady,3,"[9395, 15984, 15990]"
hikes,3,"[18684, 18702, 18723]"
analyst,3,"[272, 2781, 2892]"
al,3,"[9262, 9265, 9624]"
cabinet,3,"[9620, 9631, 11577]"
gain,3,"[114, 6901, 15840]"
opec,3,"[8846, 9215, 9232]"
p,3,"[18998, 19018, 19483]"
reach,3,"[9713, 12253, 19214]"
morgan,3,"[19000, 19020, 19485]"
produce,3,"[2463, 5749, 5770]"
entourage,3,"[18528, 18538, 18594]"
supervisory,3,"[19188, 19275, 19300]"
dinars,3,"[9085, 9546, 9575]"
series,3,"[8988, 17733, 19056]"
caused,3,"[8997, 10290, 13467]"
settlement,3,"[9011, 9144, 12256]"
september,3,"[8983, 14473, 18846]"
small,3,"[2561, 3211, 11431]"
within,3,"[2615, 8554, 16545]"
problem,3,"[9150, 17704, 17710]"
ore,3,"[2483, 4041, 19460]"
bashaw,3,"[18467, 18474, 18511]"
rights,3,"[9177, 11121, 14051]"
erskine,3,"[18469, 18486, 18522]"
recovery,3,"[2498, 8566, 8829]"
consumer,3,"[8911, 9049, 11485]"
semiconductors,3,"[157, 527, 556]"
protectionist,3,"[66, 7295, 11411]"
paxar,3,"[18391, 18400, 18419]"
sets,3,"[9974, 9991, 14277]"
many,3,"[26, 1374, 8170]"
reduced,3,"[17045, 17160, 19578]"
approximately,3,"[17017, 19425, 19439]"
raised,3,"[23, 7057, 13437]"
close,3,"[10143, 11528, 12458]"
keep,3,"[8550, 10111, 17366]"
entered,3,"[2730, 14512, 14525]"
facilities,3,"[19422, 19435, 19469]"
wmc,3,"[2362, 2404, 2440]"
known,3,"[2392, 14500, 17415]"
barriers,3,"[392, 7217, 11333]"
approval,3,"[2280, 19302, 19773]"
accrual,3,"[17006, 17034, 19598]"
brokers,3,"[2271, 8075, 10658]"
generally,3,"[16703, 17984, 18786]"
hectares,3,"[9939, 18875, 18938]"
correct,2,"[13550, 16660]"
aggregate,2,"[19880, 19893]"
exceed,2,"[6279, 16112]"
lammers,2,"[15077, 15092]"
oslo,2,"[6569, 6634]"
zeebregts,2,"[15089, 15208]"
iv,2,"[14582, 14588]"
procedures,2,"[15117, 15231]"
practice,2,"[15129, 15246]"
guard,2,"[19908, 19934]"
makes,2,"[18398, 19862]"
sejerstad,2,"[6573, 6679]"
marked,2,"[6226, 17456]"
negative,2,"[6210, 13809]"
strikes,2,"[15138, 15167]"
institute,2,"[6191, 13519]"
independent,2,"[15052, 15073]"
management,2,"[19263, 19305]"
guardian,2,"[19856, 19865]"
underlying,2,"[6360, 13797]"
biotech,2,"[14103, 14263]"
volkswagen,2,"[19128, 19133]"
diluted,2,"[14099, 18230]"
rdld,2,"[6397, 10044]"
care,2,"[19421, 19468]"
cincinnati,2,"[13996, 14011]"
diw,2,"[6189, 6195]"
return,2,"[19547, 19559]"
partly,2,"[5165, 12666]"
underestimated,2,"[13928, 17423]"
importance,2,"[13916, 17408]"
qtly,2,"[14280, 18725]"
prospectus,2,"[14322, 14400]"
faced,2,"[13651, 13788]"
david,2,"[6385, 11139]"
par,2,"[19817, 19832]"
southmark,2,"[19402, 19412]"
stimulation,2,"[13595, 17613]"
merge,2,"[18472, 18484]"
netherlands,2,"[18779, 18868]"
point,2,"[5575, 8021]"
proper,2,"[5258, 5696]"
introduce,2,"[16430, 16850]"
health,2,"[5907, 19467]"
way,2,"[17584, 17593]"
gnp,2,"[5383, 5601]"
approvals,2,"[16300, 16302]"
targeted,2,"[5892, 9688]"
weakness,2,"[17351, 17475]"
fundamental,2,"[17350, 17474]"
producing,2,"[5866, 6130]"
insider,2,"[16412, 16459]"
senate,2,"[16415, 16859]"
ways,2,"[17332, 17490]"
bd,2,"[17271, 17290]"
uk,2,"[17269, 17288]"
site,2,"[5820, 5850]"
workforce,2,"[15162, 15998]"
disclosure,2,"[16437, 16484]"
fairer,2,"[16442, 16488]"
prospective,2,"[5758, 12380]"
abuses,2,"[16472, 16661]"
properly,2,"[16499, 16680]"
constraints,2,"[5564, 13653]"
threshold,2,"[16514, 16544]"
finland,2,"[5710, 5954]"
investor,2,"[16524, 16565]"
hostile,2,"[16706, 16779]"
private,2,"[16644, 16746]"
excessive,2,"[5633, 10499]"
suits,2,"[16645, 16747]"
limit,2,"[5929, 17125]"
yet,2,"[17607, 18830]"
virtual,2,"[5935, 12677]"
late,2,"[6002, 7379]"
stagnated,2,"[6166, 6251]"
jewelry,2,"[18286, 18387]"
town,2,"[18283, 18384]"
rbd,2,"[15415, 15682]"
rev,2,"[15481, 15514]"
employment,2,"[6152, 6181]"
date,2,"[18268, 18792]"
enforced,2,"[16681, 16704]"
brings,2,"[15625, 19464]"
prospects,2,"[5343, 13506]"
swedish,2,"[15982, 15987]"
paperboard,2,"[18119, 18155]"
versus,2,"[18029, 18163]"
unemployment,2,"[15983, 15988]"
stood,2,"[16020, 19345]"
consortium,2,"[6030, 6088]"
roberts,2,"[17997, 18108]"
korean,2,"[5349, 5578]"
canion,2,"[16068, 16205]"
officer,2,"[16074, 18003]"
portable,2,"[16161, 16185]"
subsidy,2,"[17842, 17883]"
denmark,2,"[17817, 19122]"
personal,2,"[16202, 16215]"
belgium,2,"[17805, 19110]"
computers,2,"[16203, 16216]"
france,2,"[17792, 19084]"
qtrly,2,"[18236, 18271]"
think,2,"[8456, 8768]"
risky,2,"[13496, 13534]"
rebates,2,"[7540, 17738]"
interim,2,"[10240, 15186]"
isuzu,2,"[10237, 10242]"
marketer,2,"[10182, 14621]"
locke,2,"[10063, 10095]"
replacing,2,"[9982, 9999]"
planted,2,"[9943, 18869]"
planting,2,"[9925, 18742]"
november,2,"[9914, 14247]"
plantings,2,"[9905, 18933]"
away,2,"[6597, 7926]"
yemen,2,"[7558, 7566]"
harvest,2,"[9868, 18844]"
ease,2,"[9845, 13184]"
ringgit,2,"[9775, 9782]"
palms,2,"[9735, 9927]"
ratified,2,"[9633, 12130]"
rashid,2,"[9623, 9626]"
revenues,2,"[9521, 19881]"
ever,2,"[7472, 17930]"
microchip,2,"[10348, 10384]"
violated,2,"[10380, 16650]"
aimed,2,"[10415, 10888]"
mainichi,2,"[10763, 10831]"
rationalisation,2,"[10759, 10885]"
plan,2,"[10751, 10886]"
actions,2,"[7274, 11390]"
plants,2,"[10723, 10746]"
governments,2,"[7277, 11393]"
imbalance,2,"[7285, 11401]"
acquiring,2,"[10641, 16648]"
chartered,2,"[10604, 10631]"
sole,2,"[7349, 13432]"
delay,2,"[10595, 12195]"
chip,2,"[10538, 11830]"
shimbun,2,"[10463, 10764]"
extremely,2,"[7453, 13533]"
difficult,2,"[7454, 13790]"
proposals,2,"[10440, 15151]"
persuading,2,"[10417, 11208]"
sectors,2,"[9392, 9643]"
sanm,2,"[7637, 11701]"
form,2,"[9335, 16774]"
hamley,2,"[8136, 8148]"
economists,2,"[8833, 9226]"
looking,2,"[8215, 17488]"
estate,2,"[8724, 8774]"
looks,2,"[8269, 17967]"
sought,2,"[8701, 8764]"
property,2,"[8697, 8762]"
adding,2,"[8309, 12284]"
index,2,"[8652, 8679]"
weighted,2,"[8589, 17682]"
promised,2,"[8320, 17632]"
happy,2,"[8329, 13623]"
role,2,"[8531, 8603]"
hefty,2,"[8371, 9282]"
enough,2,"[8404, 9488]"
curb,2,"[8428, 16471]"
crucial,2,"[8530, 8836]"
giving,2,"[8447, 11103]"
stronger,2,"[8184, 18081]"
economist,2,"[8134, 8249]"
bpd,2,"[9242, 9253]"
usually,2,"[8867, 9556]"
presidential,2,"[7660, 12441]"
offered,2,"[7696, 7712]"
guaranteed,2,"[9178, 9289]"
depending,2,"[9158, 14204]"
cheques,2,"[9037, 9042]"
brewery,2,"[7859, 11736]"
speculative,2,"[9023, 11492]"
crash,2,"[9001, 9018]"
spotlight,2,"[7911, 8798]"
stable,2,"[7953, 8270]"
massive,2,"[7957, 19172]"
gulf,2,"[8967, 9434]"
vital,2,"[8961, 9186]"
park,2,"[7990, 19968]"
bonds,2,"[8028, 8333]"
gross,2,"[8879, 13703]"
estimate,2,"[8871, 11623]"
withdraw,2,"[10924, 10985]"
cooperative,2,"[7273, 11389]"
exist,2,"[7257, 11373]"
refining,2,"[6802, 9283]"
spa,2,"[12978, 13067]"
la,2,"[12967, 12976]"
governor,2,"[8495, 17202]"
towards,2,"[12804, 16809]"
activity,2,"[6821, 8933]"
franc,2,"[6838, 6861]"
beginning,2,"[12696, 13641]"
closure,2,"[6850, 6891]"
season,2,"[12683, 17891]"
electrolysis,2,"[6853, 6894]"
reports,2,"[6869, 10737]"
burdekin,2,"[12634, 12722]"
mackay,2,"[12632, 12720]"
moisture,2,"[12624, 12763]"
boosted,2,"[12623, 18986]"
charges,2,"[6880, 10377]"
rains,2,"[12611, 12709]"
quarterly,2,"[13124, 14278]"
br,2,"[6783, 6941]"
self,2,"[12469, 18920]"
soviet,2,"[13162, 13170]"
otto,2,"[13488, 17404]"
spring,2,"[6654, 16864]"
requirements,2,"[6660, 16762]"
karl,2,"[13487, 17403]"
decided,2,"[6726, 10983]"
stop,2,"[6728, 17087]"
division,2,"[13477, 19936]"
nv,2,"[13366, 14311]"
unfavourable,2,"[6750, 6771]"
fully,2,"[13359, 14098]"
sharp,2,"[6752, 17458]"
metal,2,"[13328, 13331]"
socialist,2,"[13225, 13259]"
sa,2,"[6777, 6935]"
vmnb,2,"[6781, 6939]"
increases,2,"[13205, 19800]"
offset,2,"[13203, 13717]"
rain,2,"[12603, 12755]"
full,2,"[6930, 17153]"
cooperation,2,"[7253, 11369]"
coconut,2,"[11716, 11795]"
turned,2,"[7182, 11298]"
session,2,"[11578, 11614]"
permit,2,"[7186, 11302]"
described,2,"[7191, 11307]"
lift,2,"[7206, 11322]"
house,2,"[11459, 13660]"
dependence,2,"[7212, 11328]"
shortly,2,"[11435, 16432]"
settle,2,"[7221, 11337]"
hopeful,2,"[11159, 16870]"
obvious,2,"[7229, 11345]"
voting,2,"[11120, 14094]"
keswick,2,"[11047, 11087]"
wish,2,"[7243, 11359]"
divert,2,"[7247, 11363]"
commissioner,2,"[11010, 15097]"
areas,2,"[7251, 11367]"
lawsuits,2,"[11688, 11728]"
demonstrate,2,"[7177, 11293]"
controversy,2,"[12259, 12533]"
injunction,2,"[11746, 15187]"
reached,2,"[12225, 16254]"
except,2,"[6968, 10449]"
common,2,"[7062, 19561]"
favour,2,"[7066, 9640]"
hope,2,"[7071, 11187]"
avoiding,2,"[7073, 11189]"
ownership,2,"[12151, 18495]"
payment,2,"[12120, 12237]"
complaint,2,"[12089, 14732]"
threatened,2,"[7100, 11216]"
directors,2,"[12078, 16307]"
efforts,2,"[7106, 11222]"
amended,2,"[12059, 12165]"
duties,2,"[11853, 12082]"
former,2,"[11784, 12461]"
persuade,2,"[7149, 11265]"
replied,2,"[7165, 11281]"
asian,2,"[0, 54]"
equities,2,"[6646, 8640]"
wales,2,"[1617, 14898]"
works,2,"[818, 10789]"
kato,2,"[4310, 4705]"
transactions,2,"[2193, 5171]"
totalled,2,"[2207, 10861]"
liberal,2,"[791, 14711]"
suppliers,2,"[4258, 4423]"
plus,2,"[2221, 14382]"
efficiency,2,"[2639, 4165]"
tug,2,"[1612, 14893]"
rupiah,2,"[2226, 2261]"
delivered,2,"[2229, 8394]"
locally,2,"[2230, 5782]"
ship,2,"[1605, 14890]"
liberalisation,2,"[4222, 6690]"
coal,2,"[746, 1183]"
demands,2,"[4200, 13592]"
concerns,2,"[743, 5908]"
grew,2,"[4137, 12481]"
compares,2,"[4102, 11617]"
button,2,"[704, 735]"
according,2,"[1597, 10187]"
supplies,2,"[1086, 1550]"
complete,2,"[249, 12184]"
erosion,2,"[250, 13710]"
extending,2,"[4046, 16613]"
accelerated,2,"[4038, 17590]"
democratic,2,"[792, 14712]"
network,2,"[2649, 2713]"
crews,2,"[1613, 14894]"
regulations,2,"[2910, 17081]"
retaliation,2,"[142, 419]"
alleged,2,"[147, 548]"
use,2,"[2152, 9730]"
launched,2,"[1000, 1990]"
visit,2,"[2162, 4394]"
feedgrain,2,"[4531, 4550]"
america,2,"[4499, 19941]"
fallen,2,"[4490, 6249]"
large,2,"[812, 2697]"
claim,2,"[1662, 14943]"
supplier,2,"[4457, 4525]"
weak,2,"[2660, 8569]"
impact,2,"[170, 13674]"
change,2,"[2912, 13960]"
quotas,2,"[4426, 18976]"
ask,2,"[4408, 17208]"
separate,2,"[1645, 14926]"
containers,2,"[1635, 14916]"
carrying,2,"[1634, 14915]"
ships,2,"[1633, 14914]"
revise,2,"[1032, 1050]"
flag,2,"[1632, 14913]"
lifted,2,"[1626, 14907]"
victoria,2,"[1621, 14902]"
cover,2,"[1567, 16834]"
war,2,"[4030, 8948]"
deregulation,2,"[3007, 3048]"
finished,2,"[1318, 18744]"
fluctuations,2,"[3721, 8492]"
manufacturers,2,"[560, 16454]"
steering,2,"[3682, 3704]"
rising,2,"[1425, 13683]"
like,2,"[3196, 8459]"
accruing,2,"[3658, 17088]"
profitable,2,"[2522, 3066]"
big,2,"[3220, 9068]"
helped,2,"[362, 6696]"
felt,2,"[3640, 9963]"
status,2,"[2516, 17035]"
seen,2,"[3566, 6153]"
bail,2,"[3737, 3771]"
withdrawal,2,"[3550, 14050]"
mid,2,"[2478, 9442]"
strategy,2,"[3298, 16327]"
fixed,2,"[3454, 8782]"
right,2,"[3300, 13941]"
accepted,2,"[3431, 7526]"
vote,2,"[3415, 11079]"
majority,2,"[3412, 14089]"
expire,2,"[3401, 14053]"
believe,2,"[3392, 11055]"
ounces,2,"[2468, 6136]"
range,2,"[3724, 8556]"
east,2,"[2430, 6447]"
create,2,"[3009, 5944]"
joint,2,"[2370, 10991]"
subject,2,"[256, 16290]"
opportunities,2,"[3011, 6377]"
find,2,"[3017, 8770]"
cases,2,"[3028, 3037]"
purchases,2,"[1511, 11649]"
rotterdam,2,"[1493, 15063]"
accounting,2,"[668, 9561]"
revised,2,"[1141, 11638]"
broker,2,"[278, 7795]"
masbate,2,"[3967, 4035]"
province,2,"[3965, 15100]"
venture,2,"[2371, 9593]"
nuclear,2,"[1181, 1188]"
northern,2,"[2376, 8862]"
extended,2,"[630, 14057]"
project,2,"[2396, 6148]"
universal,2,"[3106, 3142]"
purpose,2,"[619, 14635]"
whole,2,"[618, 4111]"
del,2,"[3111, 12029]"
gottardo,2,"[3112, 3168]"
finance,2,"[3115, 17316]"
advantage,2,"[575, 8192]"
holding,2,"[3767, 10704]"
direct,2,"[2151, 12243]"
ready,2,"[3365, 7021]"
enter,2,"[2797, 9910]"
everything,2,"[2762, 12517]"
bwtr,2,"[4977, 6287]"
goldman,2,"[2812, 14326]"
compensation,2,"[1748, 15029]"
labour,2,"[1736, 15017]"
kembla,2,"[1711, 14992]"
cautiously,2,"[1958, 3095]"
sachs,2,"[2814, 14327]"
includes,2,"[4994, 15824]"
beans,2,"[4668, 14771]"
laws,2,"[1749, 15030]"
bold,2,"[2758, 3261]"
limited,2,"[2833, 14464]"
peanuts,2,"[4661, 14765]"
newcastle,2,"[1708, 14989]"
waste,2,"[986, 1006]"
reaching,2,"[40, 17120]"
decisions,2,"[2064, 8426]"
storage,2,"[989, 1013]"
name,2,"[4969, 6931]"
cents,2,"[4894, 10973]"
bad,2,"[991, 9120]"
hands,2,"[2774, 5114]"
reform,2,"[854, 11156]"
asia,2,"[28, 5548]"
exporting,2,"[31, 7384]"
rank,2,"[4847, 9118]"
proposes,2,"[4766, 4786]"
smith,2,"[865, 10414]"
simon,2,"[2782, 11046]"
discussed,2,"[4755, 17385]"
smithson,2,"[2783, 3270]"
various,2,"[1756, 2924]"
reaction,2,"[4711, 9746]"
traded,2,"[2004, 2020]"
movements,2,"[1795, 1829]"
friction,2,"[13, 5655]"
makoto,2,"[867, 10361]"
largely,2,"[2770, 7968]"
vermin,2,"[902, 919]"
unions,2,"[1758, 15124]"
tomato,2,"[4654, 14762]"
kleinwort,2,"[2777, 3267]"
interview,2,"[1872, 2623]"
telephone,2,"[1871, 14653]"
juices,2,"[4648, 14755]"
timber,2,"[1880, 5023]"
curbs,2,"[77, 517]"
sentiment,2,"[67, 8975]"
prevented,2,"[1665, 14946]"
hurt,2,"[94, 8359]"
agricultural,2,"[4600, 4699]"
users,2,"[2136, 4370]"
marketing,2,"[2105, 18600]"
boosts,2,"[4594, 12604]"
monday,2,"[2085, 3348]"
purees,2,"[4650, 14757]"
items,2,"[5059, 14708]"
refined,2,"[1899, 9308]"
encourage,2,"[2150, 2172]"
minority,2,"[5045, 11908]"
prime,2,"[846, 5215]"
movement,2,"[1667, 14948]"
vessels,2,"[1676, 14957]"
hearing,2,"[1687, 14968]"
potential,2,"[4587, 17111]"
trying,2,"[2124, 4463]"
saleh,2,"[1920, 2082]"
interests,2,"[5046, 8749]"
preservation,2,"[992, 1015]"
ahead,2,"[1928, 17386]"
breakdown,1,[1172]
industrialized,1,[13911]
tolerating,1,[13609]
vegetables,1,[980]
even,1,[13732]
stabilize,1,[13923]
review,1,[1170]
remarkable,1,[13959]
accelerating,1,[13601]
attitude,1,[13962]
rot,1,[963]
appoint,1,[15071]
formalise,1,[14804]
especially,1,[13964]
colleagues,1,[13971]
detailed,1,[14784]
supplying,1,[1207]
abe,1,[14817]
brought,1,[13626]
developments,1,[13826]
obstacle,1,[13735]
tolerated,1,[13748]
enjoyed,1,[13758]
favourable,1,[13771]
extra,1,[13779]
leeway,1,[13780]
increasing,1,[13719]
blamed,1,[984]
danger,1,[13983]
relied,1,[13693]
accept,1,[13678]
core,1,[14827]
welcomed,1,[13899]
visits,1,[14818]
live,1,[13850]
expansionary,1,[13854]
parliament,1,[13665]
careful,1,[13863]
shared,1,[13871]
surpluses,1,[13885]
upper,1,[13659]
getting,1,[13654]
bulk,1,[1192]
shintaro,1,[14816]
dilemma,1,[13791]
sent,1,[14403]
correction,1,[13986]
timing,1,[14207]
downwards,1,[1038]
toiletry,1,[14501]
brands,1,[14502]
kilowatt,1,[1214]
downtrend,1,[1066]
pll,1,[14275]
cax,1,[14537]
sait,1,[14546]
pall,1,[14270]
earned,1,[14264]
changed,1,[14233]
assurance,1,[14565]
projection,1,[1082]
tendering,1,[14591]
starting,1,[14612]
aquired,1,[14484]
seeks,1,[14303]
additives,1,[1021]
footwear,1,[14434]
methods,1,[993]
receive,1,[14427]
dispose,1,[14378]
indicating,1,[14375]
pond,1,[14360]
programme,1,[1003]
tennis,1,[14436]
wholly,1,[14459]
calling,1,[1008]
racket,1,[14437]
technology,1,[1011]
disposed,1,[14444]
immediately,1,[14450]
un,1,[14315]
display,1,[14627]
fluctuate,1,[14199]
expanding,1,[14719]
quarters,1,[14192]
architectural,1,[14636]
expressing,1,[14412]
enterprises,1,[14036]
structural,1,[1111]
code,1,[14643]
phone,1,[14647]
auxt,1,[14008]
answering,1,[14654]
starts,1,[14003]
machines,1,[14655]
csn,1,[14001]
deliberations,1,[1148]
overshoot,1,[13994]
inadequate,1,[988]
urges,1,[14702]
advertisement,1,[14042]
conditioned,1,[14084]
special,1,[14634]
scaleup,1,[14151]
expenditures,1,[14184]
communications,1,[14629]
commercialize,1,[14174]
equipment,1,[14630]
tries,1,[14172]
running,1,[14161]
produces,1,[14633]
receipt,1,[14086]
biotechnology,1,[14114]
kilolitres,1,[1094]
cbio,1,[14107]
kl,1,[1096]
follows,1,[1107]
emergence,1,[1109]
maturing,1,[5111]
absence,1,[13160]
hour,1,[1216]
facts,1,[12188]
aborted,1,[12436]
controlled,1,[12429]
institutional,1,[12408]
unnamed,1,[12407]
purchased,1,[12389]
personally,1,[12376]
filipinos,1,[12356]
citizen,1,[12335]
portion,1,[12325]
eligible,1,[12320]
adversarial,1,[12296]
interpreted,1,[12294]
amicable,1,[12255]
desire,1,[12251]
expressed,1,[12250]
contravention,1,[12244]
method,1,[12235]
disposition,1,[12198]
motives,1,[12192]
suspicion,1,[12450]
associate,1,[12459]
ferdinand,1,[12463]
stressed,1,[12626]
rainfall,1,[12670]
scattered,1,[12669]
relieved,1,[12667]
spell,1,[12664]
dry,1,[12663]
severe,1,[12662]
undergoing,1,[12660]
coast,1,[12641]
inches,1,[12616]
marcos,1,[12464]
neighbourhood,1,[12588]
unaudited,1,[12582]
peso,1,[12575]
revenue,1,[12557]
resolved,1,[12536]
objection,1,[12501]
exile,1,[12472]
lives,1,[12467]
questionable,1,[12191]
disregard,1,[12185]
route,1,[13576]
elements,1,[12181]
shift,1,[1777]
represents,1,[11904]
nominee,1,[11891]
walk,1,[1781]
container,1,[1794]
stopped,1,[1802]
altogether,1,[1803]
derivative,1,[11871]
paian,1,[1862]
fiduciary,1,[11852]
breach,1,[11850]
blue,1,[11829]
represented,1,[11827]
owners,1,[11811]
rightful,1,[11810]
ciif,1,[11800]
sawn,1,[1879]
pepper,1,[1882]
hearings,1,[11771]
turn,1,[1765]
sanctioned,1,[11934]
retained,1,[11963]
violating,1,[12080]
attempt,1,[12178]
submit,1,[12156]
resolve,1,[12149]
aquino,1,[12147]
corazon,1,[12146]
set,1,[12142]
assumption,1,[12127]
contracted,1,[12103]
andres,1,[12072]
wiped,1,[11973]
charged,1,[12069]
appear,1,[1759]
petitioning,1,[12052]
telling,1,[12032]
rosario,1,[12030]
creditors,1,[12004]
violate,1,[11998]
declaration,1,[11985]
wet,1,[12682]
reporting,1,[12691]
healthy,1,[12699]
greener,1,[12701]
canned,1,[1397]
pineapples,1,[1398]
sterling,1,[13341]
registering,1,[1403]
using,1,[13326]
edge,1,[13275]
jewellery,1,[1408]
clothing,1,[1413]
balance,1,[13217]
sometime,1,[1448]
reductions,1,[13189]
tightness,1,[13186]
buoyant,1,[13179]
returning,1,[13173]
shipments,1,[13171]
deliveries,1,[13165]
cathode,1,[13164]
hasrul,1,[1463]
consume,1,[920]
maize,1,[1385]
commodities,1,[1376]
dsmn,1,[13371]
sustained,1,[13508]
took,1,[13574]
circle,1,[13564]
vicious,1,[13563]
face,1,[13561]
liquefied,1,[1227]
widens,1,[1240]
contempory,1,[13521]
speech,1,[13516]
widened,1,[1249]
semi,1,[1316]
weaker,1,[13492]
economics,1,[1273]
janunary,1,[1279]
warns,1,[13480]
climate,1,[1301]
resulted,1,[1304]
fertilizer,1,[13476]
shareholder,1,[13433]
junior,1,[1466]
slightly,1,[13133]
recovered,1,[13132]
compiled,1,[12803]
ramadan,1,[1557]
placing,1,[12933]
weekly,1,[12845]
french,1,[12823]
runs,1,[12817]
normally,1,[12816]
crush,1,[12815]
temporary,1,[1569]
forecasting,1,[12789]
fasting,1,[1554]
condition,1,[12784]
excellent,1,[12783]
southern,1,[12776]
bundaberg,1,[12773]
soil,1,[12762]
sub,1,[12760]
restore,1,[12759]
brisbane,1,[12716]
italy,1,[12964]
moslem,1,[1553]
tree,1,[1469]
inzi,1,[13057]
brothers,1,[13120]
lehman,1,[13119]
reporters,1,[1474]
sumatran,1,[1480]
florence,1,[13081]
single,1,[13078]
moni,1,[13071]
montedison,1,[13066]
meta,1,[13053]
ensure,1,[1549]
iniziativa,1,[13052]
totaled,1,[13034]
premiums,1,[13033]
cif,1,[1489]
lfdi,1,[12982]
forced,1,[1543]
insurer,1,[12975]
italian,1,[12974]
han,1,[15076]
measure,1,[840]
preside,1,[15080]
paks,1,[18396]
jan,1,[18437]
wearhouse,1,[18433]
undisclosed,1,[18423]
distributor,1,[18417]
lohn,1,[18411]
gmbh,1,[18409]
print,1,[18408]
thermo,1,[18406]
halt,1,[188]
taxes,1,[196]
coated,1,[18154]
tcjc,1,[18291]
matsushita,1,[217]
mc,1,[225]
length,1,[238]
beyond,1,[241]
absb,1,[18215]
brown,1,[18210]
alex,1,[18209]
atekf,1,[18174]
spokesmen,1,[179]
unofficial,1,[165]
leduc,1,[18475]
stick,1,[150]
video,1,[18631]
media,1,[18627]
retailing,1,[18613]
amadeus,1,[18611]
tube,1,[18608]
lipstick,1,[18607]
packaged,1,[18604]
perfume,1,[18603]
solid,1,[18602]
offices,1,[18585]
expenses,1,[18581]
startup,1,[18580]
soliciation,1,[18573]
proxy,1,[18572]
audit,1,[18565]
internal,1,[18564]
costs,1,[18561]
incurring,1,[18555]
entg,1,[18532]
amertek,1,[18169]
unbleached,1,[18153]
cities,1,[917]
preparing,1,[17582]
office,1,[276]
unnoticed,1,[17692]
cannot,1,[17687]
noting,1,[17663]
reiterated,1,[17651]
pledges,1,[17610]
fulfilled,1,[17608]
stimulating,1,[17595]
james,1,[282]
bargain,1,[17578]
middle,1,[18143]
lived,1,[17571]
honored,1,[17558]
parity,1,[17533]
firming,1,[17516]
slight,1,[17515]
working,1,[17511]
discord,1,[17459]
ministers,1,[17395]
communique,1,[17389]
murtha,1,[268]
tom,1,[267]
projected,1,[17836]
awards,1,[17848]
mean,1,[247]
throughout,1,[18103]
paying,1,[18101]
involvement,1,[18098]
employee,1,[18097]
programs,1,[18094]
combination,1,[18090]
benefitted,1,[18079]
burnell,1,[17996]
bodes,1,[17987]
augurs,1,[17974]
mea,1,[17950]
higest,1,[17929]
sep,1,[17926]
whites,1,[17917]
authorisations,1,[17887]
cumulative,1,[17885]
ecu,1,[17882]
foresaw,1,[17859]
productions,1,[18632]
mr,1,[18638]
jax,1,[18640]
jpm,1,[19492]
fears,1,[24]
myfra,1,[19649]
super,1,[19643]
mayfair,1,[19642]
fboh,1,[19619]
ohio,1,[19615]
firstbanc,1,[19612]
provision,1,[19602]
deposits,1,[19537]
acquistion,1,[19463]
fashions,1,[18641]
salem,1,[19458]
associates,1,[19455]
bybee,1,[19453]
beds,1,[19443]
contain,1,[19438]
containing,1,[19423]
nations,1,[32]
row,1,[35]
homes,1,[19411]
hins,1,[19769]
authorized,1,[19804]
payable,1,[19842]
mounting,1,[11]
myrtle,1,[19996]
custom,1,[19992]
fla,1,[19990]
certified,1,[19982]
alarm,1,[19979]
detective,1,[19963]
meyer,1,[19962]
hackensack,1,[19955]
protective,1,[19952]
investigations,1,[19950]
wayne,1,[19943]
consultants,1,[19930]
cartel,1,[19928]
paramus,1,[19921]
gaurd,1,[19918]
fear,1,[2]
rift,1,[10]
acquisitions,1,[19863]
natg,1,[19860]
nursing,1,[19410]
acquires,1,[19408]
sm,1,[19406]
ag,1,[19134]
granted,1,[19046]
conflict,1,[92]
moving,1,[18992]
cereal,1,[18990]
dairy,1,[18988]
allotted,1,[18975]
suger,1,[18971]
minimise,1,[18951]
substantially,1,[18892]
comes,1,[18842]
sowing,1,[18791]
processor,1,[18776]
unie,1,[18771]
suiker,1,[18770]
ground,1,[18765]
hectare,1,[18756]
roughly,1,[18745]
run,1,[100]
z,1,[18721]
capitals,1,[55]
vowg,1,[19138]
inflict,1,[37]
correspondents,1,[52]
citr,1,[19362]
bancorp,1,[19357]
citytrust,1,[19356]
dig,1,[19333]
surprise,1,[19321]
else,1,[19315]
anything,1,[19314]
formality,1,[19311]
preference,1,[19292]
propose,1,[19266]
scandal,1,[19256]
affair,1,[19231]
linked,1,[19227]
afterwards,1,[19203]
payout,1,[19196]
reuter,1,[51]
fraud,1,[19180]
suspected,1,[19177]
formal,1,[19149]
capel,1,[283]
worried,1,[295]
journalists,1,[17346]
geodynamics,1,[15914]
diplomatic,1,[776]
manoeuvres,1,[777]
rod,1,[16067]
cpq,1,[16031]
solve,1,[779]
statistics,1,[16011]
bureau,1,[16009]
outlined,1,[795]
gdyn,1,[15919]
hsld,1,[15865]
ct,1,[16387]
jsbk,1,[15795]
fsb,1,[15791]
johnstown,1,[15788]
cayb,1,[15760]
cayuga,1,[15754]
remaining,1,[15709]
comparisons,1,[15706]
favorable,1,[15702]
recording,1,[15701]
centred,1,[744]
contribute,1,[16170]
models,1,[16190]
exceeds,1,[16196]
telcom,1,[16347]
cxr,1,[16346]
hawaii,1,[16340]
selected,1,[16336]
involved,1,[16308]
boards,1,[16305]
domestically,1,[674]
governmental,1,[16299]
agreements,1,[16296]
definitive,1,[16295]
execution,1,[16293]
awaiting,1,[682]
cos,1,[16263]
john,1,[703]
preliminary,1,[16256]
iu,1,[16240]
across,1,[16217]
canberra,1,[707]
deterioration,1,[715]
incoming,1,[15691]
supplementary,1,[813]
stepped,1,[833]
redundancy,1,[15230]
complicated,1,[15228]
restart,1,[15226]
therefore,1,[15222]
judgment,1,[15213]
final,1,[15202]
grounds,1,[15193]
procedural,1,[15192]
amsterdam,1,[15182]
fnv,1,[15176]
avowed,1,[852]
eat,1,[903]
survey,1,[911]
agenda,1,[15115]
draw,1,[15112]
mediator,1,[15109]
flevoland,1,[15102]
queen,1,[15094]
provinces,1,[914]
gerard,1,[15088]
legal,1,[15229]
nakasone,1,[849]
afternoon,1,[15554]
maintenance,1,[15259]
totalling,1,[15548]
emergency,1,[839]
waf,1,[15452]
wtc,1,[15446]
barring,1,[11747]
stimulate,1,[842]
yasuhiro,1,[848]
elrc,1,[15317]
rent,1,[15312]
electro,1,[15311]
reconsider,1,[15296]
asking,1,[15293]
written,1,[15289]
employer,1,[15279]
mij,1,[15275]
elevator,1,[15274]
graan,1,[15273]
loading,1,[15265]
strike,1,[15262]
cxrl,1,[16352]
restraining,1,[646]
stabilizing,1,[17339]
poison,1,[16842]
puts,1,[17001]
bt,1,[16999]
excludes,1,[16986]
hele,1,[16886]
troy,1,[16881]
helen,1,[16879]
pass,1,[16873]
predicted,1,[16857]
pills,1,[16843]
mail,1,[16840]
outlines,1,[16411]
green,1,[16839]
mechanisms,1,[16836]
defensive,1,[16835]
amendments,1,[16828]
equal,1,[16821]
recieve,1,[16820]
insures,1,[16816]
offers,1,[16814]
tiered,1,[16812]
swell,1,[363]
taiwanese,1,[325]
suspended,1,[17056]
overdue,1,[17097]
aware,1,[300]
gerhard,1,[17318]
seriousness,1,[303]
strengthen,1,[17311]
threat,1,[310]
serves,1,[315]
warning,1,[318]
mercantile,1,[17236]
matures,1,[17227]
rollover,1,[17215]
gros,1,[17204]
francisco,1,[17203]
resume,1,[17193]
resumption,1,[17186]
lenders,1,[17181]
assumes,1,[17171]
rest,1,[17145]
suspension,1,[17115]
acted,1,[17104]
approach,1,[16805]
favored,1,[16803]
together,1,[16788]
jump,1,[16595]
meant,1,[16588]
notification,1,[16585]
aquire,1,[16568]
notificaton,1,[16561]
officers,1,[512]
notifying,1,[16516]
newspapers,1,[546]
financed,1,[16500]
insure,1,[16495]
proposing,1,[16477]
scandals,1,[16462]
speaking,1,[16448]
outweighed,1,[578]
lawrence,1,[601]
corporate,1,[16439]
federation,1,[609]
wis,1,[16424]
william,1,[16419]
disadvantage,1,[643]
arbitragers,1,[16591]
knowing,1,[16601]
icahn,1,[16786]
attempts,1,[16605]
pickens,1,[16784]
alliance,1,[16776]
damages,1,[16749]
actually,1,[16729]
raise,1,[16722]
declare,1,[16718]
groups,1,[16712]
defuse,1,[411]
paul,1,[422]
purchasing,1,[16694]
sheen,1,[423]
requirments,1,[16678]
textile,1,[427]
insuring,1,[16675]
financing,1,[16664]
safe,1,[433]
promotion,1,[445]
williams,1,[16626]
kept,1,[16622]
represent,1,[11755]
introduction,1,[2044]
tobacco,1,[1884]
credited,1,[3484]
supports,1,[3307]
necessary,1,[3338]
clarify,1,[3344]
lapse,1,[3359]
seventh,1,[3389]
unnecessary,1,[3395]
thirds,1,[3411]
allocates,1,[3421]
bids,1,[3432]
allocated,1,[3488]
plentiful,1,[3571]
pledged,1,[3495]
expires,1,[3516]
effectively,1,[3522]
withdrawing,1,[3523]
allocation,1,[3538]
answer,1,[3545]
enquiries,1,[3547]
tightening,1,[3557]
convincing,1,[7092]
wrong,1,[3302]
decade,1,[3292]
juggling,1,[3284]
ingot,1,[7309]
lending,1,[3207]
highest,1,[7471]
disappearing,1,[3217]
devote,1,[3233]
lot,1,[3235]
digesting,1,[3239]
initiatives,1,[3243]
ailing,1,[3249]
ingots,1,[7414]
exported,1,[7407]
singapore,1,[7402]
included,1,[7391]
strategies,1,[3264]
averaged,1,[7364]
attributed,1,[7352]
exporter,1,[7350]
absorbing,1,[3282]
padaeng,1,[7340]
mineral,1,[7332]
context,1,[3569]
clear,1,[3600]
heavy,1,[6733]
created,1,[6770]
depressed,1,[3801]
scaled,1,[3850]
margins,1,[6803]
island,1,[3858]
squeeze,1,[6800]
led,1,[6797]
cebu,1,[3860]
memorandum,1,[3896]
understanding,1,[3898]
signed,1,[3899]
minimum,1,[3605]
acquire,1,[3911]
repaid,1,[3923]
discussing,1,[3938]
infusion,1,[3940]
creation,1,[3945]
exploration,1,[3952]
properties,1,[3961]
merchant,1,[6742]
fee,1,[6739]
troubled,1,[3777]
actively,1,[6828]
pursuing,1,[6829]
atlc,1,[3761]
bidding,1,[3619]
outgoing,1,[3629]
stance,1,[7064]
shown,1,[3638]
objections,1,[7059]
portugal,1,[7045]
backed,1,[7039]
communicate,1,[7007]
undertook,1,[7005]
representatives,1,[7000]
plenty,1,[3643]
keen,1,[3652]
blunt,1,[3666]
effectiveness,1,[3668]
instrument,1,[3680]
viviez,1,[6893]
pacts,1,[3689]
outside,1,[3722]
bona,1,[3747]
pushing,1,[3204]
city,1,[3198]
waves,1,[3179]
increasingly,1,[7952]
volatile,1,[8007]
diversify,1,[8005]
settled,1,[7996]
stricter,1,[2885]
polled,1,[7979]
fresh,1,[7960]
things,1,[2925]
wait,1,[2931]
century,1,[2941]
bullish,1,[7947]
push,1,[3160]
traditional,1,[7933]
redirect,1,[7924]
willing,1,[2949]
patient,1,[2952]
routes,1,[2955]
article,1,[2963]
agree,1,[7902]
broke,1,[7890]
version,1,[2975]
instruments,1,[8013]
fed,1,[2883]
duck,1,[2880]
illustrated,1,[8057]
partnership,1,[2834]
volatility,1,[8199]
appreciating,1,[8195]
attracting,1,[8189]
forbidden,1,[2852]
best,1,[8158]
flight,1,[8144]
personnel,1,[2856]
brian,1,[8135]
tie,1,[2870]
stability,1,[8128]
attraction,1,[8120]
widely,1,[2874]
sloshing,1,[8097]
looked,1,[2875]
trillions,1,[8094]
got,1,[8093]
inquiries,1,[8081]
lame,1,[2879]
listed,1,[7865]
glass,1,[2982]
entire,1,[7832]
beverage,1,[7629]
bidders,1,[7618]
joined,1,[7614]
bud,1,[7609]
meiko,1,[3074]
optimistic,1,[3096]
entering,1,[3098]
joins,1,[7596]
swiss,1,[3105]
arrival,1,[7586]
banca,1,[3110]
saturday,1,[7573]
calls,1,[7559]
factor,1,[7547]
determining,1,[7546]
grant,1,[3120]
protesting,1,[7537]
operators,1,[7536]
reluctant,1,[3158]
restitution,1,[7518]
dealing,1,[3069]
maker,1,[7630]
steagall,1,[2984]
occur,1,[3055]
filipino,1,[7825]
ariadne,1,[7818]
farmlands,1,[7805]
barwon,1,[7804]
separates,1,[2987]
jacksons,1,[7796]
walls,1,[2995]
journal,1,[7786]
brewing,1,[7769]
melbourne,1,[7766]
elxa,1,[7761]
ixl,1,[7756]
elders,1,[7755]
allen,1,[7730]
crumbling,1,[3000]
alan,1,[7703]
brewer,1,[7702]
pcgg,1,[7666]
chances,1,[3020]
instead,1,[6737]
cmb,1,[6721]
manila,1,[11741]
replacement,1,[5751]
hoechst,1,[5800]
juice,1,[4655]
ketchup,1,[4657]
ether,1,[5774]
butyl,1,[5773]
tertiary,1,[5772]
methyl,1,[5771]
sauce,1,[4659]
petrol,1,[5755]
miscellaneous,1,[4667]
restrictions,1,[4697]
neoy,1,[5721]
calm,1,[4672]
heated,1,[4673]
keidanren,1,[4688]
canadians,1,[5704]
finns,1,[5702]
size,1,[5690]
urged,1,[4690]
residual,1,[4695]
corporation,1,[5802]
mountain,1,[5805]
pipe,1,[5806]
line,1,[5807]
gasoline,1,[5901]
ethyl,1,[5883]
tetra,1,[5882]
enhancer,1,[5878]
octane,1,[5877]
annum,1,[5872]
alone,1,[4607]
representing,1,[4608]
investigate,1,[4633]
locating,1,[5844]
gained,1,[5842]
advantages,1,[5841]
legality,1,[4635]
transportation,1,[5834]
pipeline,1,[5833]
proximity,1,[5831]
availability,1,[5828]
suitable,1,[5822]
vancouver,1,[5812]
seoul,1,[5657]
cause,1,[5649]
manhattan,1,[6714]
je,1,[5220]
revalue,1,[5291]
appreciate,1,[5272]
enlarged,1,[4899]
adjust,1,[5248]
gradually,1,[5247]
speed,1,[5235]
packaging,1,[4996]
associated,1,[4998]
merchanting,1,[5009]
mahn,1,[5218]
sudden,1,[5643]
tissue,1,[5021]
fast,1,[5201]
extraordinary,1,[5058]
add,1,[5173]
exchequer,1,[5170]
outflows,1,[5168]
offsetting,1,[5166]
balances,1,[5154]
affecting,1,[5107]
wants,1,[5300]
bti,1,[4870]
bright,1,[5345]
declared,1,[4850]
ruled,1,[4707]
emotional,1,[4710]
accelerate,1,[5626]
plannned,1,[5588]
become,1,[4724]
scapegoat,1,[4726]
table,1,[4759]
huge,1,[5552]
enabled,1,[5502]
amaa,1,[4780]
swing,1,[5469]
faster,1,[5416]
revaluation,1,[4800]
seemed,1,[5402]
registered,1,[4804]
eight,1,[5381]
projections,1,[5379]
approve,1,[4813]
try,1,[5356]
lowered,1,[5904]
times,1,[5920]
amstutz,1,[4582]
angered,1,[4194]
life,1,[4051]
rises,1,[4060]
jumping,1,[6454]
edition,1,[4095]
greatest,1,[6450]
benefits,1,[6433]
pension,1,[6432]
base,1,[4122]
normal,1,[4160]
managing,1,[6389]
daniel,1,[4581]
lyon,1,[6386]
appointed,1,[6384]
tell,1,[4210]
developing,1,[6371]
harm,1,[4224]
active,1,[4253]
accompanying,1,[6355]
eased,1,[6332]
night,1,[6324]
loses,1,[6506]
operation,1,[4048]
cci,1,[6519]
norwegian,1,[6524]
chase,1,[6713]
wilson,1,[3969]
steadier,1,[6699]
performance,1,[6694]
manager,1,[3973]
reasonably,1,[3997]
accurate,1,[3998]
hand,1,[6643]
access,1,[6636]
susbidiaries,1,[6624]
operate,1,[6623]
plunge,1,[6612]
slump,1,[6604]
seriously,1,[4005]
investments,1,[4008]
bjoern,1,[6572]
underground,1,[4032]
lean,1,[6563]
show,1,[6558]
pushed,1,[6308]
exceeded,1,[6300]
drives,1,[4255]
stagnating,1,[6154]
undeveloped,1,[6146]
citrus,1,[4434]
croesus,1,[6106]
austwhim,1,[6094]
pty,1,[6061]
craa,1,[6052]
expiry,1,[4470]
corn,1,[4488]
opens,1,[4538]
entirely,1,[4548]
indication,1,[4565]
stream,1,[6000]
alberta,1,[5992]
arabia,1,[5987]
saudi,1,[5986]
experience,1,[5972]
extensive,1,[5971]
elimination,1,[5936]
came,1,[4573]
lyng,1,[4388]
richard,1,[4387]
customer,1,[4276]
employed,1,[6159]
reversal,1,[6263]
finally,1,[6260]
liberalise,1,[4298]
mutsuki,1,[4309]
mostly,1,[6248]
orders,1,[6242]
insists,1,[4319]
protected,1,[4323]
referred,1,[6223]
willingness,1,[6214]
volume,1,[4335]
autumn,1,[6206]
origin,1,[4337]
regulated,1,[4339]
protect,1,[4341]
benefited,1,[6182]
overall,1,[6180]
competitive,1,[4358]
origins,1,[4375]
favoured,1,[8218]
perhaps,1,[8221]
concerned,1,[8232]
manufacturer,1,[10164]
amounted,1,[2244]
lots,1,[2253]
valued,1,[2255]
housing,1,[10229]
membership,1,[2264]
ash,1,[10185]
fly,1,[10184]
sri,1,[2276]
zealand,1,[10175]
tile,1,[10163]
gets,1,[2278]
roof,1,[10162]
concrete,1,[10161]
lanka,1,[2277]
peak,1,[10134]
recommended,1,[10108]
progressed,1,[10106]
discussions,1,[10105]
advised,1,[10100]
notice,1,[10088]
motor,1,[10243]
isum,1,[10248]
vice,1,[10359]
leaves,1,[10363]
inventories,1,[10514]
excess,1,[10513]
stabilise,1,[10503]
forces,1,[10490]
control,1,[10488]
sense,1,[10481]
exaggerated,1,[10480]
incorrect,1,[10476]
infant,1,[2178]
asahi,1,[10462]
disappointing,1,[2191]
explanation,1,[10451]
briefcase,1,[10448]
nothing,1,[10445]
worth,1,[2213]
groundwork,1,[10400]
laying,1,[10398]
man,1,[10390]
refute,1,[10372]
brief,1,[10087]
usda,1,[2279]
lloyds,1,[8244]
recommendations,1,[9634]
overstressed,1,[9734]
fertiliser,1,[9732]
drought,1,[9727]
gra,1,[2421]
located,1,[2427]
kms,1,[2429]
spelled,1,[9661]
reactivate,1,[9645]
rationalise,1,[9636]
sunday,1,[9629]
mnra,1,[10023]
adelaide,1,[2433]
river,1,[2434]
shortfall,1,[9584]
resulting,1,[9581]
excluded,1,[9557]
nominal,1,[9539]
doubling,1,[9537]
mt,1,[2436]
contractionary,1,[9519]
grace,1,[2415]
newsletter,1,[9751]
sells,1,[9771]
r,1,[2413]
diversified,1,[10014]
continental,1,[2298]
soft,1,[2308]
pacific,1,[2323]
northwest,1,[2324]
colombo,1,[2326]
another,1,[9966]
reduction,1,[9959]
effects,1,[9956]
trees,1,[9946]
shipment,1,[2331]
wmng,1,[2357]
establish,1,[2367]
peaks,1,[9920]
territory,1,[2377]
goodall,1,[2395]
oilseed,1,[9867]
grower,1,[9808]
buildup,1,[9799]
laid,1,[10527]
blame,1,[10531]
participation,1,[2173]
welcome,1,[11131]
embraced,1,[11174]
principles,1,[11170]
process,1,[11162]
physical,1,[1986]
law,1,[11155]
standing,1,[11151]
referral,1,[11143]
nendick,1,[11140]
contracts,1,[2002]
certainly,1,[11130]
lack,1,[10544]
diluting,1,[11116]
robusta,1,[2013]
expansion,1,[11112]
flexibility,1,[11106]
stage,1,[11085]
opportunity,1,[11077]
regret,1,[11069]
issuing,1,[11058]
grades,1,[2015]
constituents,1,[11177]
intervenes,1,[11420]
undermine,1,[1980]
mistake,1,[1978]
philippine,1,[11733]
either,1,[1891]
planters,1,[11717]
rachmat,1,[1919]
deal,1,[11684]
comprising,1,[11653]
outright,1,[11648]
morning,1,[11613]
fledgling,1,[1934]
physicals,1,[1941]
outcry,1,[1945]
harmoko,1,[11573]
opened,1,[11507]
electrical,1,[11484]
supported,1,[11480]
slowly,1,[1968]
safely,1,[1970]
sized,1,[11457]
intervened,1,[11452]
prompt,1,[2022]
barred,1,[11025]
listings,1,[11016]
contacted,1,[10709]
intentions,1,[10700]
teams,1,[2140]
holmes,1,[10678]
robert,1,[10677]
warburg,1,[10659]
headquarters,1,[10654]
sentence,1,[10648]
stch,1,[10636]
blla,1,[10613]
delegation,1,[2159]
confirms,1,[10602]
imposition,1,[10596]
mexico,1,[2165]
yeutter,1,[10579]
clayton,1,[10578]
seek,1,[10568]
forestall,1,[10563]
latin,1,[2168]
fails,1,[10556]
boosting,1,[10702]
contacts,1,[2132]
astin,1,[11012]
denies,1,[10719]
ray,1,[11011]
circulation,1,[5150]
li,1,[10997]
ronald,1,[10996]
futures,1,[2046]
hk,1,[10919]
jard,1,[10917]
replaces,1,[10902]
request,1,[10816]
cheaply,1,[10796]
steelmaking,1,[10795]
rolling,1,[10791]
makers,1,[10784]
chinese,1,[10779]
elections,1,[2072]
suspend,1,[10753]
hoped,1,[2109]
denied,1,[10734]
nstc,1,[10730]
mildly,1,[9518]
portrayed,1,[9514]
boom,1,[9481]
doubled,1,[8682]
field,1,[8730]
tourism,1,[8729]
debts,1,[2698]
others,1,[2700]
undervalued,1,[8722]
heavily,1,[8710]
invested,1,[8709]
argue,1,[2701]
effective,1,[2707]
creating,1,[2709]
vastly,1,[2643]
ordinaries,1,[8651]
pouring,1,[8638]
weight,1,[8631]
response,1,[8628]
setting,1,[8623]
street,1,[8615]
wall,1,[8614]
played,1,[8601]
comparable,1,[2711]
pointed,1,[8733]
star,1,[8744]
regent,1,[8745]
hotel,1,[8746]
slackens,1,[8868]
metropolitan,1,[2653]
relatively,1,[2659]
hemisphere,1,[8863]
benchmark,1,[8854]
member,1,[8845]
ability,1,[8840]
divided,1,[2666]
pace,1,[8827]
determine,1,[8825]
nosedive,1,[8820]
pull,1,[8816]
ridden,1,[8811]
reliant,1,[8807]
gamble,1,[2673]
kuwaiti,1,[8800]
needs,1,[8792]
type,1,[8760]
indicative,1,[8757]
risen,1,[8581]
apart,1,[8563]
scratch,1,[2715]
something,1,[8389]
jumps,1,[8372]
falls,1,[8365]
badly,1,[8358]
flow,1,[8350]
reverse,1,[8348]
easily,1,[8347]
unobtainable,1,[8339]
yielding,1,[8337]
vehicles,1,[8336]
invest,1,[8331]
benson,1,[2778]
watch,1,[8315]
carefully,1,[8314]
direction,1,[8301]
disappear,1,[8294]
permanent,1,[8278]
cheap,1,[8265]
entry,1,[8263]
nza,1,[8246]
edgy,1,[8385]
outflow,1,[8411]
successfully,1,[8545]
eager,1,[8419]
worked,1,[8544]
aggressive,1,[2723]
lucrative,1,[2732]
eyes,1,[8522]
authorities,1,[8516]
targeting,1,[8504]
element,1,[8502]
acknowledged,1,[8500]
johnston,1,[8497]
bob,1,[8496]
geared,1,[2736]
shield,1,[8486]
reflected,1,[8474]
leave,1,[8461]
competition,1,[2740]
doubt,1,[8453]
questioned,1,[2744]
wisdom,1,[2746]
stubborn,1,[8436]
measured,1,[8875]
gdp,1,[8883]
equivalent,1,[9459]
sheikh,1,[9260]
enables,1,[9293]
abroad,1,[9291]
gives,1,[9287]
downstream,1,[9273]
diversification,1,[9271]
strategic,1,[9270]
sabah,1,[9267]
khalifa,1,[9264]
ali,1,[9261]
mentioned,1,[9254]
shrank,1,[8885]
aims,1,[2495]
barrels,1,[9238]
quick,1,[2497]
glut,1,[9222]
ride,1,[9218]
significance,1,[9187]
edict,1,[9184]
sumi,1,[2507]
depositors,1,[9173]
grade,1,[9307]
leach,1,[2456]
processed,1,[9337]
kerosene,1,[9344]
earning,1,[9454]
officially,1,[9447]
petrodollar,1,[9439]
recession,1,[9431]
achievement,1,[9428]
dinar,1,[9411]
shape,1,[9402]
accounts,1,[9398]
bundey,1,[2438]
pit,1,[2450]
conventional,1,[2455]
signs,1,[9387]
bottoming,1,[9376]
reasons,1,[9369]
optimism,1,[9366]
cautious,1,[9365]
reason,1,[9363]
rebound,1,[9356]
naphtha,1,[9346]
flows,1,[9165]
regular,1,[9163]
debtors,1,[9161]
comprehensive,1,[9008]
koh,1,[2589]
crisis,1,[8996]
combat,1,[8993]
piecemeal,1,[8990]
confident,1,[2595]
regain,1,[2600]
sapped,1,[8970]
initially,1,[2632]
lifeline,1,[8964]
profitability,1,[2637]
emirate,1,[8958]
threatens,1,[8956]
doorstep,1,[8953]
iraq,1,[8947]
iran,1,[8945]
old,1,[8944]
depressing,1,[8931]
slowing,1,[8921]
contracting,1,[8894]
link,1,[2583]
unrecoverable,1,[2574]
osaka,1,[2540]
struggling,1,[2563]
rescheduling,1,[9148]
entails,1,[9146]
scheme,1,[9145]
repeatedly,1,[9129]
doubtful,1,[9122]
desposits,1,[2546]
owed,1,[9072]
sums,1,[9069]
watered,1,[9065]
informal,1,[9055]
generating,1,[9053]
thus,1,[9052]
collateral,1,[9047]
trillion,1,[2552]
default,1,[9039]
merged,1,[2555]
dated,1,[9036]
post,1,[9034]
spree,1,[9024]
beach,1,[19997]
